prediction_phys_1,Sequence,Uniprot_ID,Category,prediction_phys_2,prediction_phys_multi,prediction_w2v_1,prediction_w2v_2,prediction_w2v_multi
0.0,QEGDPEAGAKAFNQCQTCHVIVDDSGTTIAGRNAKTGPNLYGVVGRTAGTQADFKGYGEGMKEAGAKGLAWDEEHFVQYVQDPTKFLKEYTGDAKAKGKMTFKLKKEADAHNIWAYLQQVAVRP,,ext_neg,0.37,0.05501867243312307,0.04837090665543866,0.3460934803687845,0.10682530101361397
0.01,MKVRIATYASHSALQILKGAKDEGFETIAFGSSKVKPLYTKYFPVADYFIEEKYPEEELLNLNAVVVPTGSFVAHLGIELVENMKVPYFGNKRVLRWESDRNLERKWLKKAGIRVPEVYEDPDDIEKPVIVKPHGAKGGKGYFLAKDPEDFWRKAEKFLGIKRKEDLKNIQIQEYVLGVPVYPHYFYSKVREELELMSIDRRYESNVDAIGRIPAKDQLEFDMDITYTVIGNIPIVLRESLLMDVIEAGERVVKAAEELMGGLWGPFCLEGVFTPDLEFVVFEISARIVAGTNIFVNGSPYTWLRYDRPVSTGRRIAMEIREAIENDMLEKVLT,,ext_neg,0.49,0.060227261301667924,0.04733092045960699,0.5357926290988165,0.1224320137505527
0.0,MQYTPDTAWKITGFSREISPAYRQKLLSLGMLPGSSFNVVRVAPLGDPIHIETRRVSLVLRKKDLALLEVEAVSC,,ext_neg,0.26,0.055315993478783985,0.0987040210357322,0.2455432975222952,0.13489292020480564
0.03,MLLEEVCVGDRLSGAAARGDVQEVRRLLHRELVHPDALNRFGKTALQVMMFGSPAVALELLKQGASPNVQDASGTSPVHDAARTGFLDTLKVLVEHGADVNALDSTGSLPIHLAIREGHSSVVSFLAPESDLHHRDASGLTPLELARQRGAQNLMDILQGHMMIPM,,ext_neg,0.29,0.07937100378126112,0.045597836292478135,0.15144067435976594,0.14174512171010353
0.04,MLVTGLEILRKARAEGYGVGAFNTNNMEFTQAILEAAEEMKSPVILALSEGAMKYGGRALTRMVVALAQEARVPVAVHLDHGSSYESVLKALREGFTSVMIDKSHEDFETNVRETKRVVEAAHAVGVTVEAELGRLAGIEEHVAVDEKDALLTNPEEARIFMERTGADYLAVAIGTSHGAYKGKGRPFIDHPRLARIAKLVPAPLVLHGASAVPQELVERFRAAGGEIGEASGIHPEDIKKAISLGIAKINTDTDLRLAFTALVRETLGKNPKEFDPRKYLGPAREAVKEVVKSRMELFGSVGRA,,ext_neg,0.3,0.09151039393560767,0.12696680818449024,0.5118586786990769,0.15941072900718412
0.0,MPTVSVKRDLLFQALGRTYTDEEFDELCFEFGLELDEITSEKEIISKEQGNVKAAGASDVVLYKIDVPANRYDLLCLEGLVRGLQVFKERIKAPVYKRVMPDGKIQKLIITEETAKIRPFAVAAVLRNIKFTKDRYDSFIELQEKLHQNICRKRALVAIGTHDLDTLSGPFTYTAKRPSDIKFKPLNKTKEYTACELMNIYKTDNHLKHYLHIIENKPLYPVIYDSNGVVLSMPPIINGDHSRITVNTRNIFIECTGTDFTKAKIVLDIIVTMFSEYCENQFTVEAAEVVFPNGKSHTFPELAYRKEMVRADLINKKVGIRETPENLAKLLTRMYLKSEVIGDGNQIEIEIPPTRADIIHACDIVEDAAIAYGYNNIQMTLPKTYTIANQFPLNKLTELLRHDMAAAGFTEALTFALCSQEDIADKLGVDISATKAVHISNPKTAEFQVARTTLLPGLLKTIAANRKMPLPLKLFEISDIVIKDSNTDVGAKNYRHLCAVYYNKNPGFEIIHGLLDRIMQLLDVPPGEDKGGYVIKASEGPAFFPGRCAEIFARGQSVGKLGVLHPDVITKFELTMPCSSLEINVGPFL,,ext_neg,0.28,0.054743188086504586,0.234507870080584,0.4041145701017989,0.2336892898626709
0.1,MQFSKMHGLGNDFVVVDGVTQNVFFTPETIRRLANRHCGIGFDQLLIVEAPYDPELDFHYRIFNADGSEVSQCGNGARCFARFVTLKGLTNKKDISVSTQKGNMVLTVKDDNQIRVNMGEPIWEPAKIPFTANKFEKNYILRTDIQTVLCGAVSMGNPHCVVQVDDIQTANVEQLGPLLESHERFPERVNAGFMQIINKEHIKLRVYERGAGETQACGSGACAAVAVGIMQGLLNNNVQVDLPGGSLMIEWNGVGHPLYMTGEATHIYDGFITL,,ext_neg,0.41,0.1678462913089519,0.06459172819522145,0.4916175343732253,0.1017045951196067
0.07,MQPIQIAIVALVVAIIIAIVVWSIVIIEYRKILRQRKIDRLIDRLIERAEDSGNESEGEISALVEMGVEMGHHAPWDVDDL,,ext_neg,0.53,0.18591726162717515,0.06964453743049988,0.3303000694800901,0.1587299597842392
0.05,MEQKTLQVEGMSCQHCVKAVETSVGELDGVSAVHVNLEAGKVDVSFDADKVSVKDIADAIEDQGYDVAK,,ext_neg,0.28,0.08727189181541559,0.07380842455625741,0.3122803127568112,0.11602503852330046
0.04,MSVIAGVFGALPPHRYSQSEITDSFVEFPGLKEHEEIIRRLHAAAKVNGRHLVLPLQQYPSLTDFGDANEIFIEKAVDLGVEALLGALDDANLRPSDIDMIATATVTGVAVPSLDARIAGRLGLRPDVRRMPLFGLGCVAGAAGVARLRDYLRGAPDDVAVLVSVELCSLTYPAVKPTVSSLVGTALFGDGAAAVVAVGDRRAEQVRAGGPDILDSRSSLYPDSLHIMGWDVGSHGLRLRLSPDLTNLIERYLANDVTTFLDAHRLTKDDIGAWVSHPGGPKVIDAVATSLALPPEALELTWRSLGEIGNLSSASILHILRDTIEKRPPSGSAGLMLAMGPGFCTELVLLRWR,,ext_neg,0.31,0.08880130730861842,0.19614848294173,0.596963688403752,0.23990630544488384
0.0,MSEECIENPERIKIGTDLINIRNKMNLKELIHPNEDENSTLLILNQKIDIPRPLFYKIWKLHDLKVCADGAANRLYDYLDDDETLRIKYLPNYIIGDLDSLSEKVYKYYRKNKVTIIKQTTQYSTDFTKCVNLISLHFNSPEFRSLISNKDNLQSNHGIELEKGIHTLYNTMTESLVFSKVTPISLLALGGIGGRFDQTVHSITQLYTLSENASYFKLCYMTPTDLIFLIKKNGTLIEYDPQFRNTCIGNCGLLPIGEATLVKETRGLKWDVKNWPTSVVTGRVSSSNRFVGDNCCFIDTKDDIILNVEIFVDKLIDFL,,ext_neg,0.36,0.0587012706489491,0.12683266202636895,0.4204752188379393,0.239435227077458
0.04,MSNIYDSANELSRGLRGLPEYKAVKAAKDAIAADAEASKIFTDYLAFQEEIQKLAQTGQMPDASFQAKMEGFGKQIQGNSLLSEFFTKQQQLAIYLSDIEKIVFEPVSELLK,,ext_neg,0.61,0.0740084600320998,0.12518938085020934,0.3650689887650812,0.17133834112825852
0.09,MTIAVTGSIATDHLMRFPGRFSEQLLPEHLHKVSLSFLVDDLVMHRGGVAGNMAFAIGVLGGEVALVGAAGADFADYRDWLKARGVNCDHVLISETAHTARFTCTTDVDMAQIASFYPGAMSEARNIKLADVVSAIGKPELVIIGANDPEAMFLHTEECRKLGLAFAADPSQQLARLSGEEIRRLVNGAAYLFTNDYEWDLLLSKTGWSEADVMAQIDLRVTTLGPKGVDLVEPDGTTIHVGVVPETSQTDPTGVGDAFRAGFLTGRSAGLGLERSAQLGSLVAVLVLESTGTQEWQWDYEAAASRLAGAYGEHAAAEIVAVLA,,ext_neg,0.46,0.09723953792424624,0.15821216398374865,0.5612536936074907,0.17119963638278055
0.04,MTIKNVICDIDGVLMHDNVAVPGAAEFLHGIMDKGLPLVLLTNYPSQTGQDLANRFATAGVDVPDSVFYTSAMATADFLRRQEGKKAYVVGEGALIHELYKAGFTITDVNPDFVIVGETRSYNWDMMHKAAYFVANGARFIATNPDTHGRGFYPACGALCAGIEKISGRKPFYVGKPSPWIIRAALNKMQAHSEETVIVGDNLRTDILAGFQAGLETILVLSGVSSLDDIDSMPFRPSWIYPSVAEIDVI,,ext_neg,0.27,0.07203696082211031,0.10045829731840836,0.589235580114969,0.14571240195783927
0.02,MANITVFYNEDFQGKQVDLPPGNYTRAQLAALGIENNTISSVKVPPGVKAILYQNDGFAGDQIEVVANAEELGPLNNNVSSIRVISVPVQPRARFFYKEQFDGKEVDLPPGQYTQAELERYGIDNNTISSVKPQGLAVVLFKNDNFSGDTLPVNSDAPTLGAMNNNTSSIRIS,,ext_neg,0.51,0.06650710295208333,0.1873905854909148,0.3293487763428405,0.2668934690463725
0.03,MGLPLTFDDNNQCLLLLDSDIFTSIEAKDDIWLLNGMIIPLSPVCGDSIWRQIMVINGELAANNEGTLAYIDAAETLLLIHAITDLTNTYHIISQLESFVNQQEALKNILQEYAKV,,ext_neg,0.32,0.07442975426584947,0.03967071317610617,0.3447243429057558,0.1111175431636168
0.02,MSFNTIIDWNSCTAEQQRQLLMRPAISASESITRTVNDILDNVKARGDEALREYSAKFDKTTVTALKVSAEEIAAASERLSDELKQAMAVAVKNIETFHTAQKLPPVDVETQPGVRCQQVTRPVASVGLYIPGGSAPLFSTVLMLATPASIAGCKKVVLCSPPPIADEILYAAQLCGVQDVFNVGGAQAIAALAFGTESVPKVDKIFGPGNAFVTEAKRQVSQRLDGAAIDMPAGPSEVLVIADSGATPDFVASDLLSQAEHGPDSQVILLTPAADMARRVAEAVERQLAELPRAETARQALNASRLIVTKDLAQCVEISNQYGPEHLIIQTRNARELVDSITSAGSVFLGDWSPESAGDYASGTNHVLPTYGYTATCSSLGLADFQKRMTVQELSKEGFSALASTIETLAAAERLTAHKNAVTLRVNALKEQA,,ext_neg,0.21,0.051500128180845504,0.3527897278894649,0.6107299689292678,0.4000482711169041
0.05,MVTFLGNPVSFTGKQLQVGDKALDFSLTTTDLSKKSLADFDGKKKVLSVVPSIDTGICSTQTRRFNEELAGLDNTVVLTVSMDLPFAQKRWCGAEGLDNAIMLSDYFDHSFGRDYALLINEWHLLARAVFVLDTDNTIRYVEYVDNINSEPNFEAAIAAAKAL,,ext_neg,0.37,0.06038899184766601,0.05407181148779002,0.3007518526720173,0.08495395334496138
0.04,MAQIRIHEVNTRIENEVKVSKFLQEEGVLYEKWNISKLPPHLNENYSLTDENKAEILAVFSKEIADVSARRGYKAHDVISLSNSTPNLDELLINFQKEHHHTDDEVRFIVSGHGIFAIEGKDGTFFDVELEPGDLISVPENARHYFTLQDDRQVVAIRIFVTTEGWVPIY,,ext_neg,0.34,0.06813948366783512,0.04370169194623315,0.20836932530702015,0.10039981649242566
0.01,MKLVTVIIKPFKLEDVREALSSIGIQGLTVTEVKGFGRQKGHAELYRGAEYSVNFLPKVKIDVAIADDQLDEVIDIVSKAAYTGKIGDGKIFVAELQRVIRIRTGEADEAAL,,ext_neg,0.22,0.058134326277619226,0.04228989200613132,0.299956573088886,0.06588250543441045
0.01,MKPLSWSEAFGKGAGRIQASTIRELLKLTQRPGILSFAGGLPAPELFPKEEAAEAAARILREKGEVALQYSPTEGYAPLRAFVAEWIGVRPEEVLITTGSQQALDLVGKVFLDEGSPVLLEAPSYMGAIQAFRLQGPRFLTVPAGEEGPDLDALEEVLKRERPRFLYLIPSFQNPTGGLTPLPARKRLLQMVMERGLVVVEDDAYRELYFGEARLPSLFELAREAGYPGVIYLGSFSKVLSPGLRVAFAVAHPEALQKLVQAKQGADLHTPMLNQMLVHELLKEGFSERLERVRRVYREKAQAMLHALDREVPKEVRYTRPKGGMFVWMELPKGLSAEGLFRRALEENVAFVPGGPFFANGGGENTLRLSYATLDREGIAEGVRRLGRALKGLLALV,,ext_neg,0.47,0.10479186991234653,0.3498580375179489,0.4675875169044479,0.3966686977316963
0.02,MKYNNHDKIRDFIIIEAYMFRFKKKVKPEVDMTIKEFILLTYLFHQQENTLPFKKIVSDLCYKQSDLVQHIKVLVKHSYISKVRSKIDERNTYISISEEQREKIAERVTLFDQIIKQFNLADQSESQMIPKDSKEFLNLMMYTMYFKNIIKKHLTLSFVEFTILAIITSQNKNIVLLKDLIETIHHKYPQTVRALNNLKKQGYLIKERSTEDERKILIHMDDAQQDHAEQLLAQVNQLLADKDHLHLVFE,,ext_neg,0.27,0.14056945462361836,0.3235848521168847,0.4691889519751181,0.36591579576107264
0.02,MMNNKVSFTNSNNPTISLSAVIYFPPKFDETRQYQAIVLSHPGGGVKEQTAGTYAKKLAEKGFVTIAYDASYQGESGGEPRQLENPYIRTEDISAVIDYLTTLSYVDNTRIGAMGICAGAGYTANAAIQDRRIKAIGTVSAVNIGSIFRNGWENNVKSIDALPYVEAGSNARTSDISSGEYAIMPLAPMKESDAPNEELRQAWEYYHTPRAQYPTAPGYATLRSLNQIITYDAYHMAEVYLTQPTQIVAGSQAGSKWMSDDLYDRASSQDKRYHIVEGANHMDLYDGKAYVAEAISVLAPFFEETL,,ext_neg,0.27,0.08652645157947128,0.0911176385103886,0.5933410431921101,0.17046117003247088
0.01,MRYPVTLTPAPEGGYMVSFVDIPEALTQGETVAEAMEAAKDALLTAFDFYFEDNELIPLPSPLNSHDHFIEVPLSVASKVLLLNAFLQSEITQQELARRIGKPKQEITRLFNLHHATKIDAVQLAAKALGKELSLVMV,,ext_neg,0.29,0.05031892593302397,0.036524734683061236,0.2981815114101607,0.07848171334583959
0.12,MGKATYTVTVTNNSNGVSVDYETETPMTLLVPEVAAEVIKDLVNTVRSYDTENEHDVCGW,,ext_neg,0.61,0.21677370075664004,0.21482602410062515,0.2248595285601649,0.24441302878484905
0.06,MIEITLKKPEDFLKVKETLTRMGIANNKDKVLYQSCHILQKKGLYYIVHFKEMLRMDGRQVEMTEEDEVRRDSIAWLLEDWGLIEIVPGQRTFMKDLTNNFRVISFKQKHEWKLVPKYTIGN,,ext_neg,0.18,0.15889568847188762,0.04574172259037843,0.3588960419299216,0.08850639198943043
0.13,MERCGWVSQDPLYIAYHDNEWGVPETDSKKLFEMICLEGQQAGLSWITVLKKRENYRACFHQFDPVKVAAMQEEDVERLVQDAGIIRHRGKIQAIIGNARAYLQMEQNGEPFVDFVWSFVNHQPQVTQATTLSEIPTSTSASDALSKALKKRGFKFVGTTICYSFMQACGLVNDHVVGCCCYPGNKP,,ext_neg,0.61,0.11622847623497988,0.03969739483383941,0.2991853015821557,0.09957553327887102
0.04,MIEIKDKQLTGLRFIDLFAGLGGFRLALESCGAECVYSNEWDKYAQEVYEMNFGEKPEGDITQVNEKTIPDHDILCAGFPCQAFSISGKQKGFEDSRGTLFFDIARIVREKKPKVVFMENVKNFASHDNGNTLEVVKNTMNELDYSFHAKVLNALDYGIPQKRERIYMICFRNDLNIQNFQFPKPFELNTFVKDLLLPDSEVEHLVIDRKDLVMTNQEIEQTTPKTVRLGIVGKGGQGERIYSTRGIAITLSAYGGGIFAKTGGYLVNGKTRKLHPRECARVMGYPDSYKVHPSTSQAYKQFGNSVVINVLQYIAYNIGSSLNFKPY,,ext_neg,0.42,0.11392287749983895,0.13551096688911946,0.4499914172500164,0.16411372715353115
0.25,MLKIFNTLTRQKEEFKPIHAGEVGMYVCGITVYDLCHIGHGRTFVAFDVVARYLRFLGYKLKYVRNITDIDDKIIKRANENGESFVAMVDRMIAEMHKDFDALNILRPDMEPRATHHIAEIIELTEQLIAKGHAYVADNGDVMFDVPTDPTYGVLSRQDLDQLQAGARVDVVDDKRNPMDFVLWKMSKEGEPSWPSPWGAGRPGWHIECSAMNCKQLGNHFDIHGGGSDLMFPHHENEIAQSTCAHDGQYVNYWMHSGMVMVDREKMSKSLGNFFTVRDVLKYYDAETVRYFLMSGHYRSQLNYSEENLKQARAALERLYTALRGTDKTVAPAGGEAFEARFIEAMDDDFNTPEAYSVLFDMAREVNRLKAEDMAAANAMASHLRKLSAVLGLLEQEPEAFLQSGAQADDSEVAEIEALIQQRLDARKAKDWAAADAARDRLNEMGIVLEDGPQGTTWRRK,,ext_neg,0.54,0.27676878437994984,0.19044781936145175,0.6468809397705401,0.25480795828326075
0.17,MLMTAEQYIESLRKLNTRVYMFGEKIENWVDHPMIRPSINCVAMTYELAQDPQYADLMTTKSNLIGKTINRFANLHQSTDDLRKKVKMQRLLGQKTASCFQRCVGMDAFNAVFSTTYEIDQKYGTNYHKNFTEYLKYIQENDLIVDGAMTDPKGDRGLAPSAQKDPDLFLRIVEKREDGIVVRGAKAHQTGSINSHEHIIMPTIAMTEADKDYAVSFACPSDADGLFMIYGRQSCDTRKMEEGADIDLGNKQFGGQEALVVFDNVFIPNDRIFLCQEYDFAGMMVERFAGYHRQSYGGCKVGVGDVVIGAAALAADYNGAQKASHVKDKLIEMTHLNETLYCCGIACSAEGYPTAAGNYQIDLLLANVCKQNITRFPYEIVRLAEDIAGGLMVTMPSEADFKSETVVGRDGETIGDFCNKFFAAAPTCTTEERMRVLRFLENICLGASAVGYRTESMHGAGSPQAQRIMIARQGNINAKKELAKAIAGIK,,ext_neg,0.41,0.1394988281652461,0.21727783343849555,0.519245283312402,0.2359122789430567
0.1,MTLKQVIVVRDDLKLSRGKLAVQVAHAAIIGYLKSDSSLRRKWLDEGQKKVVLKVKSLEELLGIKHKAESLGLVTGLVQDAGLTEVPPGTITAVVIGPDEERKIDKVTGNLPLLK,,ext_neg,0.37,0.17020627868520347,0.026844227980113176,0.2669717536133684,0.07759381126878517
0.01,MELTTRTLPARKHIALVAHDHCKQMLMSWVERHQPLLEQHVLYATGTTGNLISRATGMNVNAMLSGPMGGDQQVGALISEGKIDVLIFFWDPLNAVPHDPDVKALLRLATVWNIPVATNVATADFIIQSPHFNDAVDILIPDYQRYLADRLK,,ext_neg,0.26,0.059559597511734265,0.0797830084035042,0.3691794769248108,0.12120214749853972
0.01,MTRLLVLGGTTEASRLAKTLADQGFEAVFSYAGRTGAPVAQPLPTRIGGFGGVAGLVDYLTREGVSHVIDATHPFAAQMSANAVAACAQTGVALCAFERAPWTAQAGDRWTHVPDLAAAVAALPQAPARVFLAIGKQHLRDFSAAPQHHYLLRLVDPPEGPLPLPDARAVIARGPFTVQGDTELLRSETITHVVAKNAGGAGAEAKLIAARSLGLPVILIDRPAVPARDICATLEGVMGWLADHGATPRGV,,ext_neg,0.27,0.08130397435934039,0.3009417640600476,0.6375873413402344,0.2896240857480194
0.1,MGNKLFVLDLGEIRVDENFIIANSTFVTPQKPTVSSRLIDIPVSAYLIQCTDATVLYDTGCHPECMGTNGRWPAQSQLNAPYIGASECNLPERLRQLGLSPDDISTVVLSHLHNDHAGCVEYFGKSRLIAHEDEFATAVRYFATGDHSSPYIVKDIEAWLATPRNWDLVGRDERERELAPGVNLLNFGTGHASGMLGLAVRLEKQPGFLLVSDACYTATNYGPPARRAGVLHDTIGYDRTVSHIRQYAESRSLTVLFGHDREQFASLIKSTDGFYE,,ext_neg,0.39,0.08453472786152974,0.09210731898101836,0.5556816025837551,0.10992030041027093
0.01,MLTYQVKQGDTLNSIAADFRISTAALLQANPSLQAGLTAGQSIVIPGLPDPYTIPYHIAVSIGAKTLTLSLNNRVMKTYPIAVGKILTQTPTGEFYIINRQRNPGGPFGAYWLSLSKQHYGIHGTNNPASIGKAVSKGCIRMHNKDVIELASIVPNGTRVTINR,,ext_neg,0.21,0.061324303394087225,0.1725438098395673,0.4359767147673007,0.20824197146809956
0.0,MNKNIDTVREIITVASILIKFSREDIVENRANFIAFLNEIGVTHEGRKLNQNSFRKIVSELTQEDKKTLIDEFNEGFEGVYRYLEMYTNK,,ext_neg,0.37,0.056701570972313466,0.06364836257380191,0.4144503496438432,0.1054569719069077
0.02,MGKLFGTDGVRGIVNKELTPELVLKLSKAIGTFFGKNSKILVGRDVRAGGDMLVKIVEGGLLSVGVEVYDGGMAPTPALQYAVKTLGYDGGVVITASHNPAPYNGIKVVDKDGIEIRREKENEIEDLFFTERFNTIEWSSLTTEVKREDRVISTYVNGILSHVDIEKIKKKNYKVLIDPANSVGALSTPLVARALGCKIYTINGNLDPLFSARQPEPTFDSLKETAEVVKTLKVDLGVAHDGDADRAIFIDSEGRVQWGDRSGTLLSYWASVKNPKAIKKIVTAVSSSSLVEEYLSKYNIQVDWTKVGSVDIAHKVADENALAGFEENGGFMYPPHQYVRDGAMSFALMLELLANENVSSAELFDRLPKYYLVKTKVDLKPGLMVEEIYKKILEVYSTSSVKAITIDGVKIIGKDFWFLVRKSGTEPIIRIMAEAKDENVANNLVNELKKIVEGK,,ext_neg,0.47,0.08430271732281827,0.2269972874247644,0.5460513271341773,0.2743804396558169
0.11,MVQRITIAPQGPEFSRFVMGYWRLMDWNMSARQLVSFIEEHLDLGVTTVDHADIYGGYQCEAAFGEALKLAPHLRERMEIVSKCGIATTAREENVIGHYITDRDHIIKSAEQSLINLATDHLDLLLIHRPDPLMDADEVADAFKHLHQSGKVRHFGVSNFTPAQFALLQSRLPFTLATNQVEISPVHQPLLLDGTLDQLQQLRVRPMAWSCLGGGRLFNDDYFQPLRDELAVVAEELNAGSIEQVVYAWVLRLPSQPLPIIGSGKIERVRAAVEAETLKMTRQQWFRIRKAALGYDVP,,ext_neg,0.36,0.11304129798922265,0.08496284869598943,0.5225558862111912,0.09825346984417632
0.06,MTKQHAFTREDLLRCSRGELFGPGNAQLPAPNMLMIDRIVHISDVGGKYGKGELVAELDINPDLWFFACHFEGDPVMPGCLGLDAMWQLVGFYLGWQGNPGRGRALGSGEVKFFGQVLPTAKKVTYNIHIKRTINRSLVLAIADGTVSVDGREIYSAEGLRVGLFTSTDSF,,ext_neg,0.38,0.06380166670446323,0.053982818199275896,0.29284527519371456,0.09304186191853847
0.75,MSDAGRKGFGEKASEALKPDSQKSYAEQGKEYITDKADKVAGKVQPEDNKGVFQGVHDSAEKGKDNAEGQGESLADQARDYMGAAKSKLNDAVEYVSGRVHGEEDPTKK,,ext_neg,0.12,0.6108294532546836,0.03367153451820861,0.267593931970323,0.10094236080863583
0.12,MINMTRKLYYEDAYLKEAKGRVLEIRDNAILLDQTIFYPTGGGQPHDRGTINGVEVLDVYKDEEGNVWHVVKEPEKFKVGDEVELKIDWDYRYKLMRIHTGLHLLEHVLNEVLGEGNWQLVGSGMSVEKGRYDIAYPENLNKYKEQIISLFNKYVDEGGEVKIWWEGDRRYTQIRDFEVIPCGGTHVKDIKEIGHIKKLKRSSIGRGKQRLEMWLE,,ext_neg,0.45,0.19329161138517315,0.07059310823547457,0.2080857553806876,0.16807837732171296
0.01,MIEFIDLKNQQARIKDKIDAGIQRVLRHGQYILGPEVTELEDRLADFVGAKYCISCANGTDALQIVQMALGVGPGDEVITPGFTYVATAETVALLGAKPVYVDIDPRTYNLDPQLLEAAITPRTKAIIPVSLYGQCADFDAINAIASKYGIPVIEDAAQSFGASYKGKRSCNLSTVACTSFFPSKPLGCYGDGGAIFTNDDELATAIRQIARHGQDRRYHHIRVGVNSRLDTLQAAILLPKLEIFEEEIALRQKVAAEYDLSLKQVGIGTPFIEVNNISVYAQYTVRMDNRESVQASLKAAGVPTAVHYPIPLNKQPAVADEKAKLPVGDKAATQVMSLPMHPYLDTASIKIICAALTN,,ext_neg,0.28,0.05772040729019112,0.09805244006313556,0.5400273715723322,0.14773219153181155
0.18,MSGIALSRLAQERKAWRKDHPFGFVAVPTKNPDGTMNLMNWECAIPGKKGTPWEGGLFKLRMLFKDDYPSSPPKCKFEPPLFHPNVYPSGTVCLSILEEDKDWRPAITIKQILLGIQELLNEPNIQDPAQAEAYTIYCQNRVEYEKRVRAQAKKFAPS,,ext_neg,0.49,0.1564234124995934,0.09893600020936624,0.28934400010569905,0.13137678922151308
0.01,MKIAIINMGNNVINFKTVPSSETIYLFKVISEMGLNVDIISLKNGVYTKSFDEVDVNDYDRLIVVNSSINFFGGKPNLAILSAQKFMAKYKSKIYYLFTDIRLPFSQSWPNVKNRPWAYLYTEEELLIKSPIKVISQGINLDIAKAAHKKVDNVIEFEYFPIEQYKIHMNDFQLSKPTKKTLDVIYGGSFRSGQRESKMVEFLFDTGLNIEFFGNAREKQFKNPKYPWTKAPVFTGKIPMNMVSEKNSQAIAALIIGDKNYNDNFITLRVWETMASDAVMLIDEEFDTKHRIINDARFYVNNRAELIDRVNELKHSDVLRKEMLSIQHDILNKTRAKKAEWQDAFKKAIDL,,ext_neg,0.41,0.08143283128135892,0.21933699730488532,0.5047400693124883,0.2381873145849191
0.04,MTLSLANYLAADSAAEALRRDVRAGLTAAPKSLPPKWFYDAVGSDLFDQITRLPEYYPTRTEAQILRTRSAEIIAAAGADTLVELGSGTSEKTRMLLDAMRDAELLRRFIPFDVDAGVLRSAGAAIGAEYPGIEIDAVCGDFEEHLGKIPHVGRRLVVFLGSTIGNLTPAPRAEFLSTLADTLQPGDSLLLGTDLVKDTGRLVRAYDDAAGVTAAFNRNVLAVVNRELSADFDLDAFEHVAKWNSDEERIEMWLRARTAQHVRVAALDLEVDFAAGEEMLTEVSCKFRPENVVAELAEAGLRQTHWWTDPAGDFGLSLAVR,,ext_neg,0.37,0.05205029848204357,0.14945484504027626,0.5034892766152134,0.22830536203542395
0.02,MEWLVKKSCCNKQDNRHVLMLCDAGGAIKMIAEVKSDFAVKVGDLLSPLQNALYCINREKLHTVKVLSASSYSPDEWERQCKVAGKTQ,,ext_neg,0.22,0.056778740747576335,0.11506967830649467,0.3263568787110005,0.08444146561287236
0.07,MSGWYELSKSSNDQFKFVLKAGNGEVILTSELYTGKSGAMNGIESVQTNSPIEARYAKEVAKNDKPYFNLKAANHQIIGTSQMYSSTAARDNGIKSVMENGKTTTIKDLT,,ext_neg,0.5,0.061900116402749325,0.07749333837712342,0.3928295088811086,0.1434698517887854
0.06,MGKVEFSGKRYVIDGEPVTIAGGTLQFFRVPADAWKDRLLKMREAGLNTVDTYVAWNWHEPEKGSFDFKGETHPQRNLVGFLELADELGFYVIIRPGPYICGEWRNGGIPDWLIDEHPEILAKGPNGPLPRDIYYPPITYLHPTYLEAVGEWYNAVFPVIRKYLYTNGGPIISVSIDDEPSYWETIFQPFLTDYNEIITKPGGLWEKWLEQNYTLEDLRRRYKGDFKDYSEIKVPTSFSEPLPKLIDWHHFKLWMINEYVRWIYERMAREFDVPISILDPYLLQVAWRHFFTYMREHNLKIHVWTEFWYSFYRSSDFKEDKLGHIYYKTGIYRYHVRKAGTPPLSIETQSSLAHTIDPTEAELLYSILPPLGIPNINYYLFVGGENPEGYESHNGITWDVYSPVGLDGSERPHFGVIKALSETMTSAEGLADAELRPKVAVGLYEPYEALNLWGYEGLEESTDLNEYLLGERGLFTLLAMSNTPFDAVDLEDVTLDELLSYDQLWVYSLDFMSREVQDKLVEFVARGGNLVILPMLPRYDENLEPYSSLKDFLGVEVEREKARRNPRLIQFLSVSAEGIDRMLVRNTVRGVRGGEPIAFLGEKPVGAFVRKGGGSAVVLGFRLQYYTSHHDLHRKFVWKLKELQGVREDFEVTNPDMIVLPMEGKGYAYLAVTNPRGHPIKGRISYRGLEVPVLLDGIELKRRGTLYLPFGVRKGDVEVAYATATLVMWEGDVLTFRNHLSGHSEIALKGVESVKVSGGKIVDGSDGEVLRIVIEHPGEYFEVELL,,ext_neg,0.51,0.10221692921746106,0.22520334365434236,0.5120684505924445,0.20066862426621115
0.18,MSTNKITFLLNWEAAPYHIPVYLANIKGYFKDENLDIAILEPSNPSDVTELVGSGKVDMGLKAMVHTLAAKARGFPVTSIGSLLDEPFTGICYLEGSGITSDFQSLKGKRIGYVGEFGKIQVDELTKHYGMTPDDYVAVRCGMNVAKYILEGTIDCGIGIECIQQVELEEALKEQGKDSNDAKMLRIDKLAELGCCCFCTILYIANDKFIAENPQAVKKFLKAIKRATDYMLAHPREAWAEYGNFKPTMQTDLNTKKFQRCYAYFSESLYNVHRDWRKVNNYGKRLDILPENYVPNYTNEYLSWPEPKEVDDPEKAQDLMLKHQEECKTCGGYKRLVLA,,ext_neg,0.54,0.13682509439563506,0.06851967818210353,0.4801109426704477,0.12382589901850538
0.0,MKITAIHLYAIRLPLRNPFVISYGSYSDMPSIIVKMETDEGIIGYGEGVADDHVTGESWESTFHTLKHTLTPALIGQNPMNIEKIHDMMDNTIYGVPTAKAAIDIACFDIMGKKLNQPVYQLIGGRYHEEFPVTHVLSIADPENMAEEAASMIQKGYQSFKMKVGTNVKEDVKRIEAVRERVGNDIAIRVDVNQGWKNSANTLTALRSLGHLNIDWIEQPVIADDIDAMAHIRSKTDLPLMIDEGLKSSREMRQIIKLEAADKVNIKLMKCGGIYPAVKLAHQAEMAGIECQVGSMVESSVASSAGFHVAFSKKIITSVELTGPLKFTKDIGNLHYDVPFIRLNEKPGLGIEINEDTLQELTVFQDIVR,,ext_neg,0.17,0.07590807463263455,0.1019077233494716,0.5048294017933483,0.16981239693212907
0.04,MKKHGILNSHLAKILADLGHTDKIVIADAGLPVPDGVLKIDLSLKPGLPAFQDTAAVLAEEMAVEKVIAAAEIKASNQENAKFLENLFSEQEIEYLSHEEFKLLTKDAKAVIRTGEFTPYANCILQAGVLF,,ext_neg,0.1,0.07751948937145556,0.03370169194623315,0.2749855727777216,0.061598065489028166
0.11,MLYVYMDGEFVPENEAKVSIFDHGFLYGDGVFEGIRAYNGRVFRLKEHIDRLYDSAKAIDLEIPITKEEFMEIILETLRKNNLRDAYIRPIVTRGIGDLGLDPRKCQNPSIIVITKPWGKLYGDLYEKGLTAITVAVRRNSFDALPPNIKSLNYLNNILAKIEANAKGGDEAIFLDRNGYVSEGSGDNIFVVKNGAITTPPTINNLRGITREAVIEIINRLGIPFKETNIGLYDLYTADEVFVTGTAAEIAPIVVIDGRKIGDGKPGEITRKLMEEFSKLTESEGVPIYE,,ext_neg,0.55,0.07204641713684534,0.10910851901027352,0.5121718769647206,0.15066502657906916
0.13,MTMITDSLAVVLQRRDWENPGVTQLNRLAAHPPFASWRNSEEARTDRPSQQLRSLNGEWRFAWFPAPEAVPESWLECDLPEADTVVVPSNWQMHGYDAPIYTNVTYPITVNPPFVPTENPTGCYSLTFNVDESWLQEGQTRIIFDGVNSAFHLWCNGRWVGYGQDSRLPSEFDLSAFLRAGENRLAVMVLRWSDGSYLEDQDMWRMSGIFRDVSLLHKPTTQISDFHVATRFNDDFSRAVLEAEVQMCGELRDYLRVTVSLWQGETQVASGTAPFGGEIIDERGGYADRVTLRLNVENPKLWSAEIPNLYRAVVELHTADGTLIEAEACDVGFREVRIENGLLLLNGKPLLIRGVNRHEHHPLHGQVMDEQTMVQDILLMKQNNFNAVRCSHYPNHPLWYTLCDRYGLYVVDEANIETHGMVPMNRLTDDPRWLPAMSERVTRMVQRDRNHPSVIIWSLGNESGHGANHDALYRWIKSVDPSRPVQYEGGGADTTATDIICPMYARVDEDQPFPAVPKWSIKKWLSLPGETRPLILCEYAHAMGNSLGGFAKYWQAFRQYPRLQGGFVWDWVDQSLIKYDENGNPWSAYGGDFGDTPNDRQFCMNGLVFADRTPHPALTEAKHQQQFFQFRLSGQTIEVTSEYLFRHSDNELLHWMVALDGKPLASGEVPLDVAPQGKQLIELPELPQPESAGQLWLTVRVVQPNATAWSEAGHISAWQQWRLAENLSVTLPAASHAIPHLTTSEMDFCIELGNKRWQFNRQSGFLSQMWIGDKKQLLTPLRDQFTRAPLDNDIGVSEATRIDPNAWVERWKAAGHYQAEAALLQCTADTLADAVLITTAHAWQHQGKTLFISRKTYRIDGSGQMAITVDVEVASDTPHPARIGLNCQLAQVAERVNWLGLGPQENYPDRLTAACFDRWDLPLSDMYTPYVFPSENGLRCGTRELNYGPHQWRGDFQFNISRYSQQQLMETSHRHLLHAEEGTWLNIDGFHMGIGGDDSWSPSVSAEFQLSAGRYHYQLVWCQK,,ext_neg,0.57,0.136361615581226,0.33846825836499816,0.6520963095314304,0.3581656649145638
0.0,MSDPLHVTFVCTGNICRSPMAEKMFAQQLRHRGLGDAVRVTSAGTGNWHVGSCADERAAGVLRAHGYPTDHRAAQVGTEHLAADLLVALDRNHARLLRQLGVEAARVRMLRSFDPRSGTHALDVEDPYYGDHSDFEEVFAVIESALPGLHDWVDERLARNGPS,,ext_neg,0.28,0.055743208068731086,0.12809874714998054,0.2400490393958709,0.22679377690734245
0.01,MKVTKSEIVISAVKPEQYPEGGLPEIALAGRSNVGKSSFINSLINRKNLARTSSKPGKTQTLNFYIINDELHFVDVPGYGFAKVSKSEREAWGRMIETYITTREELKAVVQIVDLRHAPSNDDVQMYEFLKYYGIPVIVIATKADKIPKGKWDKHAKVVRQTLNIDPEDELILFSSETKKGKDEAWGAIKKMINR,,ext_neg,0.24,0.06723219421836794,0.062416664318320166,0.3131940677716222,0.15137419630247598
0.04,MLGGSSDAGLATAAARGQVETVRQLLEAGADPNALNRFGRRPIQVMMMGSAQVAELLLLHGAEPNCADPATLTRPVHDAAREGFLDTLVVLHRAGARLDVCDAWGRLPVDLAEEQGHRDIARYLHAATGD,,ext_neg,0.25,0.07690589060549421,0.1889070265889291,0.22753166854512194,0.2592482563824703
0.02,MKVVYDDVRVLKDIIQALARLVDEAVLKFKQDSVELVALDRAHISLISVNLPREMFKEYDVNDEFKFGFNTQYLMKILKVAKRKEAIEIASESPDSVIINIIGSTNREFNVRNLEVSEQEIPEINLQFDISATISSDGFKSAISEVSTVTDNVVVEGHEDRILIKAEGESEVEVEFSKDTGGLQDLEFSKESKNSYSAEYLDDVLSLTKLSDYVKISFGNQKPLQLFFNMEGGGKVTYLLAPKV,,ext_neg,0.52,0.05227915420343661,0.06997004294417257,0.3168911853166656,0.23131442379420156
0.16,MPKTDRVIEEITDYVLEKEITSAEAYTTAGHVLLDTLGCGILALRYPECTKLLGPIVPGTTVPNGSKVPGTSYVLDPVRAAFNIGCMIRWLDYNDTWLAAEWGHPSDNLGGILAAADYVSRVRLSEGKEPLTVRDVLEMMIKAHEIQGVLALENSLNRVGLDHVLFVKVATTAVAAKLLGGGREEIKNALSNAWIDNAALRTYRHSPNTGSRKSWAAGDATSRGVHLALMSLKGEMGYPTALSAPGWGFQDVLFNKKEIKLARPLDAYVMENVLFKVSYPAEFHAQTAAESAVILHPQVKNRIDEIDRVVIRTHESAIRIIDKKGPLHNPADRDHCLQYITAIGLLFGDITAQHYEAETANDPRIDKLRDKMEVTENKTYTEDYLKPDKRSISNAVQVHFKDGTSTEMVECEFPLGHRFRREEAVPKLLEKFSDNLKTHFPDKQHKHIYERCTSYETLQTMRVNEFVDMFCM,,ext_neg,0.32,0.11686313433372278,0.18442263536890752,0.5648055017767059,0.1908011952689921
0.26,MKKVVTVCPYCASGCKINLVVDNGKIVRAEAAQGKTNQGTLCLKGYYGWDFINDTQILTPRLKTPMIRRQRGGKLEPVSWDEALNYVAERLSAIKEKYGPDAIQTTGSSRGTGNETNYVMQKFARAVIGTNNVDCCARVUHGPSVAGLHQSVGNGAMSNAINEIDNTDLVFVFGYNPADSHPIVANHVINAKRNGAKIIVCDPRKIETARIADMHIALKNGSNIALLNAMGHVIIEENLYDKAFVASRTEGFEEYRKIVEGYTPESVEDITGVSASEIRQAARMYAQAKSAAILWGMGVTQFYQGVETVRSLTSLAMLTGNLGKPHAGVNPVRGQNNVQGACDMGALPDTYPGYQYVKDPANREKFAKAWGVESLPAHTGYRISELPHRAAHGEVRAAYIMGEDPLQTDAELSAVRKAFEDLELVIVQDIFMTKTASAADVILPSTSWGEHEGVFTAADRGFQRFFKAVEPKWDLKTDWQIISEIATRMGYPMHYNNTQEIWDELRHLCPDFYGATYEKMGELGFIQWPCRDTSDADQGTSYLFKEKFDTPNGLAQFFTCDWVAPIDKLTDEYPMVLSTVREVGHYSCRSMTGNCAALAALADEPGYAQINTEDAKRLGIEDEALVWVHSRKGKIITRAQVSDRPNKGAIYMTYQWWIGACNELVTENLSPITKTPEYKYCAVRVEPIADQRAAEQYVIDEYNKLKTRLREAALA,,ext_neg,0.66,0.12003214642966978,0.1554043576699337,0.4962508244759234,0.20272091360348227
0.0,MEQNNIKEQLISFFNQACSTHQERLDFICSTRESDTFSSVDVPLEPIKNIIEITKDENQQIEITKIAVNNIKTLSSVGATGQYMASFFSTNSEPAIIFCVIYFLYHFGFLKDNNKKQIIKKAYETIADNIADYLNEN,,ext_neg,0.45,0.05639299528382385,0.19478953624498074,0.4186762892322543,0.17991480928861744
0.12,MSKVSFKITLTSDPRLPYKVLSVPESTPFTAVLKFAAEEFKVPAATSAIITNDGIGINPAQTAGNVFLKHGSELRIIPRDRVGSC,,ext_neg,0.37,0.05135340869164465,0.09008805807712092,0.32017087611502165,0.11112571598880608
0.22,MALNEGQIVTLAVDEIIETISAITPMAQKAKKYTPPAASMQRSSNTIWMPVEQESPTQEGWDLTDKATGLLELNVAVNMGEPDNDFFQLRADDLRDETAYRRRIQSAARKLANNVELKVANMAAEMGSLVITSPDAIGTNTADAWNFVADAEEIMFSRELNRDMGTSYFFNPQDYKKAGYDLTKRDIFGRIPEEAYRDGTIQRQVAGFDDVLRSPKLPVLTKSTATGITVSGAQSFKPVAWQLDNDGNKVNVDNRFATVTLSATTGMKRGDKISFAGVKFLGQMAKNVLAQDATFSVVRVVDGTHVEITPKPVALDDVSLSPEQRAYANVNTSLADAMAVNILNVKDARTNVFWADDAIRIVSQPIPANHELFAGMKTTSFSIPDVGLNGIFATQGDISTLSGLCRIALWYGVNATRPEAIGVGLPGQTA,,ext_neg,0.3,0.34779610454279164,0.16386398208515374,0.6222634286536849,0.3083687293133892
0.68,VVYTDCTESGQNLCLCEGSNVCGQGNKCILGSDGEKNQCVTGEGTPKPQSHNDGDFEEIPEEYLQ,,ext_neg,0.38,0.5282737695208236,0.3058805252266367,0.30397549100494514,0.3507565483587369
0.01,QNTVNFTYPDFWSYSLKNGTEITFLGDATRIPGALQLTKTDANGNPVRSSAGQASYSEPVFLWDSTGKAASFYTSFTFLLKNYGAPTADGLAFFLAPVDSSVKDYGGFLGLFRHETAADPSKNQVVAVEFDTWINKDWNDPPYPHIGIDVNSIVSVATTRWENDDAYGSSIATAHITYDARSKILTVLLSYEHGRDYILSHVVDLAKVLPQKVRIGFSAGVGYDEVTYILSWHFFSTLDGTNK,,ext_neg,0.44,0.06374495585732545,0.1388351387786718,0.5603460889017707,0.14765065352783924
0.2,MFKPNYHFFPITGWMNDPNGLIFWKGKYHMFYQYNPRKPEWGNICWGHAVSDDLVHWRHLPVALYPDDETHGVFSGSAVEKDGKMFLVYTYYRDPTHNKGEKETQCVAMSENGLDFVKYDGNPVISKPPEEGTHAFRDPKVNRSNGEWRMVLGSGKDEKIGRVLLYTSDDLFHWKYEGVIFEDETTKEIECPDLVRIGEKDILIYSITSTNSVLFSMGELKEGKLNVEKRGLLDHGTDFYAAQTFFGTDRVVVIGWLQSWLRTGLYPTKREGWNGVMSLPRELYVENNELKVKPVDELLALRKRKVFETAKSGTFLLDVKENSYEIVCEFSGEIELRMGNESEEVVITKSRDELIVDTTRSGVSGGEVRKSTVEDEATNRIRAFLDSCSVEFFFNDSIAFSFRIHPENVYNILSVKSNQVKLEVFELENIWL,,ext_neg,0.4,0.16171486586862355,0.20213697757370647,0.5245814560053526,0.23453347871951025
0.45,ARRTWLGDILRPLNSEYGKVAPGWGTTPLMAVFMGLFLVFLLIILEIYNSTLILDGVNVSWKALG,,ext_neg,0.87,0.34714979209239805,0.210718041184858,0.4096586894221628,0.1760148330543015
0.0,MKIIALRSSLKLAARIAEELKTEPVMPDERRFPDGELYLRYDEDLTGHNIFIIGNTHSDAEVMEMILTLSAIQDYRTKSVNIIAPYYGYARQHQRYKNGEPISSQILTEIYSSYSNSIATVDIHDEKTLSYSKVKFSDLHANDAIVRYYKNVDVDYVVSPDDGGLARVADISAKLGKKHFFIEKKRIDDRTVEMKVPNVDVNGKKLLIVDDIISTGGTIAKSSGLLREKGASKIYVSAVHGLFVNGSENKILQNADEIHVTDTVESKFSDISVYQEVCNYIRDIDA,,ext_neg,0.32,0.05556075497607814,0.06257233191468728,0.4799187642075152,0.11945301449695292
0.68,MSHRKFEAPRHGNLGFRPRKRAARHQGKVKSFPKDDRTQKVHLTAFMGYKAGMTHVVRDLEKPGSKMHKKEIVEAVTIIECPPMYIVGLVGYVETAQGLKTYKTVWAQHLSDNFRRRLYKNWYKSKSKKAFTKYVKQYETEEGKKSIEASLQAIKKRCSVVRVIAHTQVHKLKLTQKKAHVLEIQVNGGSIVEKVNFAVANFEKTVNVTGVFAENELIDVIGVTKGKGFNGVIKRWGVRKLPRKTHKGLRKVACIGAWHPSRVSTTVPRAGQLGYHHRVERNKKIYRIGQAQPEDGKQISTGKTEFDLTEKTINPMGGFAHYGMVKHEFLMLKGCVAGPRKRALTLRKSITTQTGRAALEKITLKFIDTSSKFGHGLHQTAEDKTKYFGVKKSRSTKA,,ext_neg,0.16,0.5452050754821922,0.25132298286967897,0.5069464271271604,0.2960378719122128
0.06,MVKIVTVKTQAYQDQKPGTSGLRKRVKVFQSSANYAENFIQSIISTVEPAQRQEATLVVGGDGRFYMKEAIQLIARIAAANGIGRLVIGQNGILSTPAVSCIIRKIKAIGGIILTASHNPGGPNGDFGIKFNISNGGPAPEAITDKIFQISKTIEEYAVCPDLKVDLGVLGKQQFDLENKFKPFTVEIVDSVEAYATMLRSIFDFSALKELLSGPNRLKIRIDAMHGVVGPYVKKILCEELGAPANSAVNCVPLEDFGGHHPDPNLTYAADLVETMKSGEHDFGAAFDGDGDRNMILGKHGFFVNPSDSVAVIAANIFSIPYFQQTGVRGFARSMPTSGALDRVASATKIALYETPTGWKFFGNLMDASKLSLCGEESFGTGSDHIREKDGLWAVLAWLSILATRKQSVEDILKDHWQKYGRNFFTRYDYEEVEAEGANKMMKDLEALMFDRSFVGKQFSANDKVYTVEKADNFEYSDPVDGSISRNQGLRLIFTDGSRIVFRLSGTGSAGATIRLYIDSYEKDVAKINQDPQVMLAPLISIALKVSQLQERTGRTAPTVIT,,ext_neg,0.4,0.1219596654717831,0.3318293835410307,0.5148447475186035,0.33249497162523983
0.22,MEDFVRQCFNPMIVELAEKAMKEYGEDLKIETNKFAAICTHLEVCFMYSDFHFINEQGESIVVELDDPNALLKHRFEIIEGRDRTMAWTVVNSICNTTGAEKPKFLPDLYDYKENRFIEIGVTRREVHIYYLEKANKIKSENTHIHIFSFTGEEMATKADYTLDEESRARIKTRLFTIRQEMANRGLWDSFRQSERGEETIEERFEITGTMRRLADQSLPPNFSCLENFRAYVDGFEPNGYIEGKLSQMSKEVNAKIEPFLKTTPRPIRLPDGPPCFQRSKFLLMDALKLSIEDPSHEGEGIPLYDAIKCMRTFFGWKEPYIVKPHEKGINPNYLLSWKQVLAELQDIENEEKIPRTKNMKKTSQLKWALGENMAPEKVDFDNCRDVSDLKQYDSDEPELRSLSSWIQNEFNKACELTDSTWIELDEIGEDVAPIEYIASMRRNYFTAEVSHCRATEYIMKGVYINTALLNASCAAMDDFQLIPMISKCRTKEGRRKTNLYGFIIKGRSHLRNDTDVVNFVSMEFSLTDPRLEPHKWEKYCVLEIGDMLLRSAIGQMSRPMFLYVRTNGTSKIKMKWGMEMRRCLLQSLQQIESMIEAESSVKEKDMTKEFFENKSETWPIGESPKGVEDGSIGKVCRTLLAKSVFNSLYASPQLEGFSAESRKLLLVVQALRDNLEPGTFDLEGLYEAIEECLINDPWVLLNASWFNSFLTHALR,,ext_neg,0.53,0.18509106534293385,0.2048928145413443,0.3679316644264541,0.20678656334668644
0.02,GIDPNYRTSRQVVGEHQGHKVYGPVDPPKVLGIHGTIVGVDFDLCIADGSCITACPVNVFQWYDTPGHPASEKKADPINEQACIFCMACVNVCPVAAIDVKPP,,ext_neg,0.22,0.05595570140783816,0.2700184778929537,0.3567435002361957,0.29611543555850783
0.01,MINVAVNGYGTIGKRVADAIIKQPDMKLVGVAKTSPNYEAFIAHRRGIRIYVPQQSIKKFEESGIPVAGTVEDLIKTSDIVVDTTPNGVGAQYKPIYLQLQRNAIFQGGEKAEVADISFSALCNYNEALGKKYIRVVSCNTTALLRTICTVNKVSKVEKVRATIVRRAADQKEVKKGPINSLVPDPATVPSHHAKDVNSVIRNLDIATMAVIAPTTLMHMHFINITLKDKVEKKDILSVLENTPRIVLISSKYDAEATAELVEVARDLKRDRNDIPEVMIFSDSIYVKDDEVMLMYAVHQESIVVPENIDAIRASMKLMSAEDSMRITNESLGILKGYLI,,ext_neg,0.21,0.051699627090149435,0.11373658953912212,0.5629248217837945,0.19585395763429528
0.0,MMTQIIHTEKAPAAIGPYVQAVDLGNLVLTSGQIPVNPATGEVPADIVAQARQSLENVKAIIEKAGLTAADIVKTTVFVKDLNDFAAVNAEYERFFKENNHPNFPARSCVEVARLPKDVGLEIEAIAVRK,,ext_neg,0.17,0.051390544758192484,0.03615965531798189,0.2886624580899361,0.07965239706302088
0.01,MMAVEQMPKKDWYSILGADPSANISDLKQKYQKLILMYHPDKQSTDVPAGTVEECVQKFIEIDQAWKILGNEETKREYDLQRCEDDLRNVGPVDAQVYLEEMSWNEGDHSFYLSCRCGGKYSVSKDEAEEVSLISCDTCSLIIELLHYN,,ext_neg,0.43,0.08250446878471895,0.05991037135372156,0.28637072959638377,0.12114381022245185
0.1,MSKTGTKITFYEDKNFQGRRYDCDCDCADFHTYLSRCNSIKVEGGTWAVYERPNFAGYMYILPQGEYPEYQRWMGLNDRLSSCRAVHLPSGGQYKIQIFEKGDFSGQMYETTEDCPSIMEQFHMREIHSCKVLEGVWIFYELPNYRGRQYLLDKKEYRKPIDWGAASPAVQSFRRIVE,,ext_neg,0.46,0.1499564243850359,0.17807127973902667,0.3502414117376613,0.18915939461031306
0.03,MPVPNPTMPVKGAGTTLWVYKGSGDPYANPLSDVDWSRLAKVKDLTPGELTAESYDDSYLDDEDADWTATGQGQKSAGDTSFTLAWMPGEQGQQALLAWFNEGDTRAYKIRFPNGTVDVFRGWVSSIGKAVTAKEVITRTVKVTNVGRPSMAEDRSTVTAATGMTVTPASTSVVKGQSTTLTVAFQPEGVTDKSFRAVSADKTKATVSVSGMTITVNGVAAGKVNIPVVSGNGEFAAVAEITVTAS,,ext_neg,0.53,0.08968692675552807,0.3239706701963841,0.5423624039461781,0.3121961462256673
0.06,MKSLQALFGGTFDPVHYGHLKPVETLANLIGLTRVTIIPNNVPPHRPQPEANSVQRKHMLELAIADKPLFTLDERELKRNAPSYTAQTLKEWRQEQGPDVPLAFIIGQDSLLTFPTWYEYETILDNAHLIVCRRPGYPLEMAQPQYQQWLEDHLTHNPEDLHLQPAGKIYLAETPWFNISATIIRERLQNGESCEDLLPEPVLTYINQQGLYR,,ext_neg,0.38,0.08133763586870249,0.14021810145966018,0.5105575370235642,0.1956690454075292
0.01,MKLSPKAAIEVCNEAAKKGLWILGIDGGHWLNPGFRIDSSASWTYDMPEEYKSKIPENNRLAIENIKDDIENGYTAFIITLKM,,ext_neg,0.45,0.05302986758529472,0.06112345576726259,0.3966284339190627,0.11278244026014528
0.13,APECGERASGKRCPNGKCCSQWGYCGTTDNYCGQGCQSQCDYWRCGRDFGGRLCEEDMCCSKYGWCGYSDDHCEDGCQSQCD,,ext_neg,0.39,0.20651131376032286,0.4769939548619238,0.43271101110210775,0.5114829760633149
0.21,MSKLIVPQWPLPKGVAACSSTRIGGVSLPPYDSLNLGAHCGDNPDHVEENRKRLFAAGNLPSKPVWLEQVHGKDVLKLTGEPYASKRADASYSNTPGTVCAVMTADCLPVLFCNRAGTEVAAVHAGWRGLCAGVLEETVSCFADKPENILAWLGPAIGPRAFEVGAEVREAFMAVDAKASAAFIQHGDKYLADIYQLARQRLANVGVEQIFGGDRCTYTENETFFSYRRDKTTGRMASFIWLI,,ext_neg,0.42,0.08294709899555036,0.10268351548325984,0.5748428212811652,0.1854295641217789
0.45,MNPIILIIILMTVMLGTIIVMISTHWLLIWIGFEMNMLAIIPIMMKKHNPRATEASTKYFLTQSTASMLLMMAIIINLMFSGQWTVMKLFNPMASMLMTMALAMKLGMAPFHFWVPEVTQGIPLSSGLILLTWQKLAPMSVLYQILPSINLDLILTLSILSITIGGWGGLNQTQLRKIMAYSSIAHMGWMTAVLLYNPTMTLLNLIIYIIMTSTMFTLFMANSTTTTLSLSHTWNKAPIMTILVLITLLSMGGLPPLSGFMPKWMIIQEMTKNDSIILPTLMAITALLNLYFYMRLTYSTALTMFPSTNNMKMKWQFPTTKRMTLLPTMTVLSTMLLPLTPILSILE,,ext_neg,0.7,0.6020849694333352,0.532830208114041,0.6397728382347235,0.4194872012031359
0.01,MEQGICGSHVFFIEDGKSKNYIIGKYKIGYLSGDNLILDPYECLYLYFKGRISFQNSDSFRDLFDTVTFDRYVAYEILKNKGYRVKEDSGLIYFRKGTEKPLSLRVMREYDRIQFSDLVENPVDYYFTVDEEGDPTVYSSQEIFPAGRNLVSPVSAPVVRMGGRSFGAGDLEWWIGTAFHGFRLLTENEANYISGNHSASQVDMVYSDLVGRGCIVKTGFKYGANFRVYLGRDSQHAEYLVSVMPEEERWYSISRGVRVASSVRKTMIYASIYKNEVRYVALKRVKDII,,ext_neg,0.28,0.07789948320116591,0.07640606934459666,0.492866729265357,0.1458573359487211
0.04,MKDVTIIGGGPSGLYASFYAGLRDMSVRLIDVQSELGGKMRIYPEKIIWDIGGIAPKPCHEILKDTIKQGLYFKPEVHLNERVVDIRKKAERHFEVETEAGEIYTSKAVIIAIGAGIINPKQLDVKGVERYQLTNLHYVVQSYRRFKDKDVLISGGGNTALDWAHDIAKIAKSVTVVYRKEDVSGHEAMKTLVTDLNVKLCPKTRIKYLVGNDDETHISEVVLEHVESGDRHTVKFDDVIISHGFDRCNTLLSETSSKLDMHDDCRVKGFGNTTTSIPGIYACGDIVYHDAKSHLIASAFSDGANAANLAKTYIQPDANAEGYVSSHHEVFKEANKTIVNKHLY,,ext_neg,0.27,0.0599121769703295,0.09962201798911532,0.5168072652484534,0.16670872457441502
0.1,MKLMEVSPLFPCIFLRRVNRFVGLVRIKERIERALITNTGRLNEFMIPGRIGYCTPKAGGKTRYILLGFEDHGKIAIIDTRLQGKAFEKIIEKELLPELEGCRIIKREPRVGESRLDYLLECSKGEIFVETKSAVLREGEYAMYPDCPSVRGQRHIKELIKLARDGKRAMIVFIGALPNVSKFKPYKKGDPKIAELLKEALEAGVEIRALGLHMELSGEIIYRGELGVEI,,ext_neg,0.37,0.0821477116633518,0.050914987097059286,0.28082265894249664,0.11367483345277625
0.03,MIEQNEKASIGIIGGSGLYDPGIFSESKEIKVYTPYGQPSDFITIGKIGNKSVAFLPRHGRGHRIPPHKINYRANIWALKELGVRWVISVSAVGSLRMDYKLGDFVIPDQFIDMTKNREYSFFDGPVVAHVSMADPFCNSLRKLAIETAKELNIKTHESGTYICIEGPRFSTRAESRTWREVYKADIIGMTLVPEVNLACEAQMCYATIAMVTDYDVFAEIPVTAEEVTRVMAENTEKAKKLLYALIQKLPEKPEEGSCSCCNSLKTALV,,ext_neg,0.4,0.07359026744937258,0.048288169761580055,0.4678827341477013,0.14652348716042274
0.07,MDDDHEQLVEELEAVEAIYPDLLSKKQEDGSIIVVKVPQHEYMTLQISFPTHYPSEEAPNVIEVGVCTSLAKRDLYDTKYLQHLFQEVMDSVFHRGSVCLFDFLTELDGVLYVEPEEETEPVQQSDIPTDPFEGWTASDPITDRGSTFMAFAAHVTSEEQAFAMLDLLKTDSKMRKANHVMSAWRIKQDGSAATYQDSDDDGETAAGSRMLHLITIMDVWNVIVVVARWFGGAHIGPDRFKHINSTAREAVVRAGFDS,,ext_neg,0.49,0.10034214126911956,0.08346180390374122,0.4726898131796035,0.1744332444217035
0.04,MNAQAEEFKKYLETNGIKPKQFHKKELIFNQWDPQEYCIFLYDGITKLTSISENGTIMNLQYYKGAFVIMSGFIDTETSVGYYNLEVISEQATAYVIKINELKELLSKNLTHFFYVFQTLQKQVSYSLAKFNDFSINGKLGSICGQLLILTYVYGKETPDGIKITLDNLTMQELGYSSGIAHSSAVSRIISKLKQEKVIVYKNSCFYVQNLDYLKRYAPKLDEWFYLACPATWGKLN,,ext_neg,0.41,0.08058720439988283,0.10968543525543913,0.3830457215209119,0.1622465540913623
0.88,MHVKKGDKVMVISGKDKGKQGTILAAFPKKDRVLVEGVNMVKKHSKPTQANPQGGISNQEAPIHVSNVMPLDPKTGEVTRVGYKVEDGKKVRVAKKSGQVLDK,,ext_neg,0.6,0.6757071122791519,0.036055954777869714,0.3229779701311001,0.1078199203064744
0.27,MFKPHVTVACVVHAEGKFLVVEETINGKALWNQPAGHLEADETLVEAAARELWEETGISAQPQHFIRMHQWIAPDKTPFLRFLFAIELEQICPTQPHDSDIDCCRWVSAEEILQASNLRSPLVAESIRCYQSGQRYPLEMIGDFNWPFTKGVI,,ext_neg,0.54,0.16946657147307512,0.07002043522190468,0.2688911319310853,0.14908661845465787
0.07,MWITQEITPYLRKEYTIEAKLLDVRSEHNILEIFKSKDFGEIAMLNRQLLFKNFLHIESELLAHMGGCTKKELKEVLIVDGFDLELAHQLFKYDTHIDFVQADEKILDSFISFFPHFHEVKNNKNFTHAKQLLDLDIKKYDLIFCLQEPDIHRIDGLKRMLKEDGVFISVAKHPLLEHVSMQNALKNMGGVFSVAMPFVAPLRILSNKGYIYASFKTHPLKDLMTPKIEALTSVRYYNEDIHRAAFALPKNLQEVFKDNIKS,,ext_neg,0.33,0.07857116451821164,0.07533032170701526,0.5115947545219607,0.11654099125297973
0.14,TEFGSELKSFPEVVGKTVDQAREYFTLHYPQYDVYFLPEGSPVTLDLRYNRVRVFYNPGTNVVNHVPHVG,,ext_neg,0.5,0.14939723146613532,0.14135335998503185,0.3081956507712872,0.16393352668890446
0.37,MKQSTIALALLPLLFTPVTKARTPEMPVLENRAAQGDITAPGGARRLTGDQTAALRDSLSDKPAKNIILLIGDGMGDSEITAARNYAEGAGGFFKGIDALPLTGQYTHYALNKKTGKPDYVTDSAASATAWSTGVKTYNGALGVDIHEKDHPTILEMAKAAGLATGNVSTAELQDATPAALVAHVTSRKCYGPSATSEKCPGNALEKGGKGSITEQLLNARADVTLGGGAKTFAETATAGEWQGKTLREQAQARGYQLVSDAASLNSVTEANQQKPLLGLFADGNMPVRWLGPKATYHGNIDKPAVTCTPNPQRNDSVPTLAQMTDKAIELLSKNEKGFFLQVEGASIDKQDHAANPCGQIGETVDLDEAVQRALEFAKKEGNTLVIVTADHAHASQIVAPDTKAPGLTQALNTKDGAVMVMSYGNSEEDSQEHTGSQLRIAAYGPHAANVVGLTDQTDLFYTMKAALGLK,,ext_neg,0.24,0.4556478316695367,0.4830272677081277,0.6603493832960229,0.4646691154100752
0.0,ALAGTIIAGASLTFQVLDKVLEELGKVSRKIAVGIDNESGGTWTALNAYFRSGTTDVILPEFVPNTKALLYSGRKDTGPVATGAVAAFAYYMSSGNTLGVMFSVPFDYNWYSNWWDVKIYSGKRRADQGMYEDLYYGNPYRGDNGWHEKNLGYGLRMKGIMTSAGEAKMQIKISR,,ext_neg,0.53,0.06520328919065879,0.07783810800629819,0.4365825081365049,0.1188835651149262
0.02,MISVTDLRPGTKVKMDGGLWECVEYQHQKLGRGGAKVVAKFKNLETGATVERTFNSGEKLEDIYVETRELQYLYPEGEEMVFMDLETYEQFAVPRSRVVGAEFFKEGMTALGDMYEGQPIKVTPPTVVELKVVDTPPGVRGDTVSGGSKPATLETGAVVQVPLFVEPGEVIKVDTRTGEYVGRA,,ext_neg,0.45,0.05227915420343661,0.10096702961216056,0.27119439761163844,0.16942993122459252
0.66,MTNIRKSHPLMKIVNNAFIDLPAPSNISSWWNFGSLLGICLILQILTGLFLAMHYTSDTTTAFSSVTHICRDVNYGWIIRYMHANGASMFFICLYMHVGRGLYYGSYTFLETWNIGVILLLTVMATAFMGYVLPWGQMSFWGATVITNLLSAIPYIGTNLVEWIWGGFSVDKATLTRFFAFHFILPFIIMAIAMVHLLFLHETGSNNPTGISSDVDKIPFHPYYTIKDILGALLLILALMLLVLFAPDLLGDPDNYTPANPLNTPPHIKPEWYFLFAYAILRSIPNKLGGVLALAFSILILALIPLLHTSKQRSMMFRPLSQCLFWALVADLLTLTWIGGQPVEHPYITIGQLASVLYFLLILVLMPTAGTIENKLLKW,,ext_neg,0.86,0.569506877512273,0.5406699511742771,0.6557486094914066,0.4039341508747243
0.0,MAKISSPTETERCIESLIAVFQKYAGKDGYNYTLSKTEFLSFMNTELAAFTKNQKDPGVLDRMMKKLDTNSDGQLDFSEFLNLIGGLAMACHDSFLKAVPSQKRT,,ext_neg,0.45,0.05763216030148824,0.09057975709460024,0.454084607575781,0.1574703500753548
0.15,ADVVTYENKKGNVTFDHKAHAEKLGCDACHEGTPAKIAIDKKSAHKDACKTCHKSNNGPTKCGGCHIK,,ext_neg,0.2,0.16806509560670702,0.26441894189360005,0.3022618959883944,0.2871318164601421
0.1,AQLQNLVLKDREATPNDHTFVPRDIRDNVGEVVESTGVPIGESRFTISLRKTSNGRYKSTLKLVVPVVQSQTVNGIVTPVVVRTSYVTVDFDYDARSTTKERNNFVGMIADALKADLMLVHDTIVNLQGVY,,ext_neg,0.16,0.07668867734456035,0.06581868696303322,0.2643891754560931,0.11176162862269327
0.0,MSVEEVSKKFEENVSVDDTTATPKTVLSDSAHFDVKHPLNTKWTLWYTKPAVDKSESWSDLLRPVTSFQTVEEFWAIIQNIPEPHELPLKSDYHVFRNDVRPEWEDEANAKGGKWSFQLRGKGADIDELWLRTLLAVIGETIDEDDSQINGVVLSIRKGGNKFALWTKSEDKEPLLRIGGKFKQVLKLTDDGHLEFFPHSSANGRHPQPSITL,,ext_neg,0.32,0.0868033398120325,0.0955384872702846,0.24254193842116814,0.22261819256394752
0.05,MKNKLVVVTGVPGVGGTTITQKAMEKLSEEGINYKMVNFGTVMFEVAQEENLVEDRDQMRKLDPDTQKRIQKLAGRKIAEMVKESPVVVDTHSTIKTPKGYLPGLPVWVLNELNPDIIIVVETSGDEILIRRLNDETRNRDLETTAGIEEHQIMNRAAAMTYGVLTGATVKIIQNKNNLLDYAVEELISVLR,,ext_neg,0.37,0.09386193199812252,0.04291493411298635,0.28245062408191995,0.12158674634000245
0.05,MTPTIELICGHRSIRHFTDEPISEAQREAIINSARATSSSSFLQCSSIIRITDKALREELVTLTGGQKHVAQAAEFWVFCADFNRHLQICPDAQLGLAEQLLLGVVDTAMMAQNALIAAESLGLGGVYIGGLRNNIEAVTKLLKLPQHVLPLFGLCLGWPADNPDLKPRLPASILVHENSYQPLDKGALAQYDEQLAEYYLTRGSNNRRDTWSDHIRRTIIKESRPFILDYLHKQGWATR,,ext_neg,0.41,0.06530377552387649,0.0965271976811082,0.5326486701107076,0.16680358512732485
0.38,MDYKETLLMPKTDFPMRGGLPNKEPQIQEKWDAEDQYHKALEKNKGNETFILHDGPPYANGNLHMGHALNKILKDFIVRYKTMQGFYAPYVPGWDTHGLPIEQALTKKGVDRKKMSTAEFREKCKEFALEQIELQKKDFRRLGVRGDFNDPYITLKPEYEAAQIRIFGEMADKGLIYKGKKPVYWSPSSESSLAEAEIEYHDKRSASIYVAFNVKDDKGVVDADAKFIIWTTTPWTIPSNVAITVHPELKYGQYNVNGEKYIIAEALSDAVAEALDWDKASIKLEKEYTGKELEYVVAQHPFLDRESLVINGDHVTTDAGTGCVHTAPGHGEDDYIVGQKYELPVISPIDDKGVFTEEGGQFEGMFYDKANKAVTDLLTEKGALLKLDFITHSYPHDWRTKKPVIFRATPQWFASISKVRQDILDAIENTNFKVNWGKTRIYNMVRDRGEWVISRQRVWGVPLPVFYAENGEIIMTKETVNHVADLFAEHGSNIWFEREAKDLLPEGFTHPGSPNGTFTKETDIMDVWFDSGSSHRGVLETRPELSFPADMYLEGSDQYRGWFNSSITTSVATRGVSPYKFLLSHGFVMDGEGKKMSKSLGNVIVPDQVVKQKGADIARLWVSSTDYLADVRISDEILKQTSDVYRKIRNTLRFMLGNINDFNPDTDSIPESELLEVDRYLLNRLREFTASTINNYENFDYLNIYQEVQNFINVELSNFYLDYGKDILYIEQRDSHIRRSMQTVLYQILVDMTKLLAPILVHTAEEVWSHTPHVKEESVHLADMPKVVEVDQALLDKWRTFMNLRDDVNRALETARNEKVIGKSLEAKVTIASNDKFNASEFLTSFDALHQLFIVSQVKVVDKLDDQATAYEHGDIVIEHADGEKCERCWNYSEDLGAVDELTHLCPRCQQVVKSLV,,ext_neg,0.53,0.6505548976314076,0.3244664213542904,0.575675353493465,0.4181552797622899
0.21,MMTALETRLSVADGTHAAALRQRLQAALAECRRELARGACPEHFQFLQQQARALEGGLGILSQLTED,,ext_neg,0.53,0.2906397815633395,0.1217092684634117,0.2313210279073785,0.2064232431680904
0.01,MSIENLKSFDPFADTGDDETATSNYIHIRIQQRNGRKTLTTVQGVPEEYDLKRILKVLKKDFACNGNIVKDPEMGEIIQLQGDQRAKVCEFMISQLGLQKKNIKIHGF,,ext_neg,0.27,0.06993312965090401,0.11790223999995188,0.43421585874012936,0.19645742189990106
0.14,MELVLKDAQSALTVSETTFGRDFNEALVHQVVVAYAAGARQGTRAQKTRAEVTGSGKKPWRQKGTGRARSGSIKSPIWRSGGVTFAARPQDHSQKVNKKMYRGALKSILSELVRQDRLIVVEKFSVEAPKTKLLAQKLKDMALEDVLIITGELDENLFLAARNLHKVDVRDATGIDPVSLIAFDKVVMTADAVKQVEEMLA,,ext_neg,0.21,0.4344104321805108,0.10005971191201396,0.3174369766205028,0.16321633219631315
0.0,MELKHSISDYTEAEFLQLVTTICNADTSSEEELVKLVTHFEEMTEHPSGSDLIYYPKEGDDDSPSGIVNTVKQWRAANGKSGFKQG,,ext_neg,0.4,0.05691478025296346,0.12087015235090763,0.29224256932891995,0.114390214308127
0.2,PIEVNDDCMACEACVEICPDVFEMNEEGDKAVVINPDSDLDCVEEAIDSCPAEAIVRS,,ext_neg,0.39,0.2906320748488481,0.12867007876978645,0.3051981898988263,0.1439787825036889
0.03,MSKSNTYRMLVLLEDDTKINKEDEKFLKGKPGKMHEFVDELILPFNVDELDELNTWFDKFDAEICIPNEGHIKYEISSDGLIVLMLDKEIEEVVEKVKKFVEENN,,ext_neg,0.54,0.08838202302585671,0.051001865421648224,0.43262630615210695,0.09783498615486093
0.09,MQILFNDQAMQCAAGQTVHELLEQLDQRQAGAALAINQQIVPREQWAQHIVQDGDQILLFQVIAGG,,ext_neg,0.33,0.1652436561937577,0.12221908008394168,0.2920363792653129,0.15737731925629445
0.0,MKIEPITGSEAEAFHRMGSRAFERYNEFVDLLVGAGIADGQTVVDLCCGSGELEIILTSRFPSLNLVGVDLSEDMVRIARDYAAEQGKELEFRHGDAQSPAGMEDLLGKADLVVSRHAFHRLTRLPAGFDTMLRLVKPGGAILNVSFLHLSDFDEPGFRTWVRFLKERPWDAEMQVAWALAHYYAPRLQDYRDALAQAADETPVSEQRIWVDDQGYGVATVKCFARRAAA,,ext_neg,0.46,0.05763216030148824,0.043149637050566805,0.4443168878823301,0.12651570821925132
0.06,MDVLYSLSKTLKDARDKIVEGTLYSNVSDLIQQFNQMIITMNGNEFQTGGIGNLPIRNWNFDFGLLGTTLLNLDANYVETARNTIDYFVDFVDNVCMDEMVRESQRNGIAPQSDSLIKLSGIKFKRINFDNSSEYIENWNLQNRRQRTGFTFHKPNIFPYSASFTLNRSQPAHDNLMGTMWLNAGSEIQVAGFDYSCAINAPANTQQFEHIVQLRRVLTTATITLLPDAERFSFPRVITSADGATTWYFNPVILRPNNVEIEFLLNGQIINTYQARFGTIIARNFDTIRLSFQLMRPPNMTPAVAALFPNAQPFEHHATVGLTLRIESAVCESVLADASETMLANVTSVRQEYAIPVGPVFPPGMNWTDLITNYSPSREDNLQRVFTVASIRSMLVK,,ext_neg,0.38,0.07585953366568073,0.3030472202007565,0.5444754415262247,0.3672134089842213
0.06,MPKIFCLADVCMVPIGTDSASISDFVALIEKKIRESPLKSTLHSAGTTIEGPWDDVMGLIGEIHEYGHEKGYVRVHTDIRVGTRTDKHQTAQDKIDVVLKKISQ,,ext_neg,0.21,0.05441510438393997,0.043388448896264434,0.3303131994824463,0.06652969043067378
0.1,MRILVTNDDGIQSKGIIVLAELLSEEHEVFVVAPDKERSATGHSITIHVPLWMKKVFISERVVAYSTTGTPADCVKLAYNVVMDKRVDLIVSGVNRGPNMGMDILHSGTVSGAMEGAMMNIPSIAISSANYESPDFEGAARFLIDFLKEFDFSLLDPFTMLNINVPAGEIKGWRFTRQSRRRWNDYFEERVSPFGEKYYWMMGEVIEDDDRDDVDYKAVREGYVSITPIHPFLTNEQCLKKLREVYD,,ext_neg,0.42,0.07750810542703099,0.02973336381436073,0.4988010470855568,0.14570101451495382
0.0,MAEVEETLKRLQSQKGVQGIIVVNTEGIPIKSTMDNPTTTQYASLMHSFILKARSTVRDIDPQNDLTFLRIRSKKNEIMVAPDKDYFLIVIQNPTE,,ext_neg,0.19,0.05197040878025812,0.08692622337140364,0.4538723869517809,0.11859505807902335
0.21,MIYSRSKLPSEGEILIATVKQVFDYGSYVSLDEYGGLQAFLPWSEVSSKWVKNIRDVLKENRKVIVKVIRVDRRKGTVDVSLKKVTDDERRKKNLQWKKIQRLDKILELVSQKLKLSEKDAWEQVAWKLEAKYGDPITAIEKAVKEGEKILIDAGVPEIWVKPLLEEASKHAEERKVKMSGLITVRTNEPLGVEKIKEVISKALENIEQDYESLLNIKIYTIGAPRYRVDVVGTNPKEASEALNQIISNLIKIGKEENVDISVVKK,,ext_neg,0.14,0.14751856118666629,0.10339200362138604,0.4497829570213428,0.18790020285218367
0.01,MTKVFAYAIRKDEEPFLNEWKEAHKDIDVDYTDKLLTPETAKLAKGADGVVVYQQLDYTADTLQALADAGVTKMSLRNVGVDNIDMDKAKELGFQITNVPVYSPNAIAEHAAIQAARVLRQDKRMDEKMAKRDLRWAPTIGREVRDQVVGVVGTGHIGQVFMRIMEGFGAKVIAYDIFKNPELEKKGYYVDSLDDLYKQADVISLHVPDVPANVHMINDKSIAEMKDGVVIVNCSRGRLVDTDAVIRGLDSGKIFGFVMDTYEDEVGVFNKDWEGKEFPDKRLADLIDRPNVLVTPHTAFYTTHAVRNMVVKAFNNNLKLINGEKPDSPVALNKNKF,,ext_neg,0.37,0.06452989084724199,0.08547026512730012,0.4995848202323229,0.14874919939999875
0.03,MQVWPPLGLKKFETLSYLPPLTTEQLLAEVNYLLVKGWIPPLEFEVKDGFVYREHDKSPGYYDGRYWTMWKLPMFGGTDPAQVVNEVEEVKKAPPDAFVRFIGFNDKREVQCISFIAYKPAGY,,ext_neg,0.44,0.07058720439988282,0.11191213107858512,0.4063872440541616,0.17040000431984434
0.02,AHMDCTEFNPLCRCNKMLGDLICAVIGDAKEEHRNMCALCCEHPGGFEYSNGPCE,,ext_neg,0.14,0.08208743454859138,0.27191246288943105,0.3727547279034314,0.3084697005811163
0.03,MKQKVVSIGDINVANDLPFVLFGGMNVLESRDLAMRICEHYVTVTQKLGIPYVFKASFDKANRSSIHSYRGPGLEEGMKIFQELKQTFGVKIITDVHEPSQAQPVADVVDVIQLPAFLARQTDLVEAMAKTGAVINVKKPQFVSPGQMGNIVDKFKEGGNEKVILCDRGANFGYDNLVVDMLGFSIMKKVSGNSPVIFDVTHALQCRDPFGAASGGRRAQVAELARAGMAVGLAGLFIEAHPDPEHAKCDGPSALPLAKLEPFLKQMKAIDDLVKGFEELDTSK,,ext_neg,0.24,0.05429690907734665,0.077342381221991,0.5456325828286422,0.12183197920619028
0.12,MLTMKDIIRDGHPTLRQKAAELELPLTKEEKETLIAMREFLVNSQDEEIAKRYGLRSGVGLAAPQINISKRMIAVLIPDDGSGKSYDYMLVNPKIVSHSVQEAYLPTGEGCLSVDDNVAGLVHRHNRITIKAKDIEGNDIQLRLKGYPAIVFQHEIDHLNGVMFYDHIDKNHPLQPHTDAVEV,,ext_neg,0.45,0.09079201086399966,0.040256458628334296,0.2029904253336326,0.08586220260991136
0.0,MRLCDRDIEAWLDEGRLSINPRPPVERINGATVDVRLGNKFRTFRGHTAAFIDLSGPKDEVSAALDRVMSDEIVLDEGEAFYLHPGELALAVTLESVTLPADLVGWLDGRSSLARLGLMVHVTAHRIDPGWSGCIVLEFYNSGKLPLALRPGMLIGALSFEPLSGPAVRPYNRREDAKYRNQQGAVASRIDKD,,ext_neg,0.3,0.053298512465049235,0.08791778591669595,0.3718828244009815,0.18818040670600936
0.4,MDKKYSIGLDIGTNSVGWAVITDEYKVPSKKFKVLGNTDRHSIKKNLIGALLFDSGETAEATRLKRTARRRYTRRKNRICYLQEIFSNEMAKVDDSFFHRLEESFLVEEDKKHERHPIFGNIVDEVAYHEKYPTIYHLRKKLVDSTDKADLRLIYLALAHMIKFRGHFLIEGDLNPDNSDVDKLFIQLVQTYNQLFEENPINASGVDAKAILSARLSKSRRLENLIAQLPGEKKNGLFGNLIALSLGLTPNFKSNFDLAEDAKLQLSKDTYDDDLDNLLAQIGDQYADLFLAAKNLSDAILLSDILRVNTEITKAPLSASMIKRYDEHHQDLTLLKALVRQQLPEKYKEIFFDQSKNGYAGYIDGGASQEEFYKFIKPILEKMDGTEELLVKLNREDLLRKQRTFDNGSIPHQIHLGELHAILRRQEDFYPFLKDNREKIEKILTFRIPYYVGPLARGNSRFAWMTRKSEETITPWNFEEVVDKGASAQSFIERMTNFDKNLPNEKVLPKHSLLYEYFTVYNELTKVKYVTEGMRKPAFLSGEQKKAIVDLLFKTNRKVTVKQLKEDYFKKIECFDSVEISGVEDRFNASLGTYHDLLKIIKDKDFLDNEENEDILEDIVLTLTLFEDREMIEERLKTYAHLFDDKVMKQLKRRRYTGWGRLSRKLINGIRDKQSGKTILDFLKSDGFANRNFMQLIHDDSLTFKEDIQKAQVSGQGDSLHEHIANLAGSPAIKKGILQTVKVVDELVKVMGRHKPENIVIEMARENQTTQKGQKNSRERMKRIEEGIKELGSQILKEHPVENTQLQNEKLYLYYLQNGRDMYVDQELDINRLSDYDVDHIVPQSFLKDDSIDNKVLTRSDKNRGKSDNVPSEEVVKKMKNYWRQLLNAKLITQRKFDNLTKAERGGLSELDKAGFIKRQLVETRQITKHVAQILDSRMNTKYDENDKLIREVKVITLKSKLVSDFRKDFQFYKVREINNYHHAHDAYLNAVVGTALIKKYPKLESEFVYGDYKVYDVRKMIAKSEQEIGKATAKYFFYSNIMNFFKTEITLANGEIRKRPLIETNGETGEIVWDKGRDFATVRKVLSMPQVNIVKKTEVQTGGFSKESILPKRNSDKLIARKKDWDPKKYGGFDSPTVAYSVLVVAKVEKGKSKKLKSVKELLGITIMERSSFEKNPIDFLEAKGYKEVKKDLIIKLPKYSLFELENGRKRMLASAGELQKGNELALPSKYVNFLYLASHYEKLKGSPEDNEQKQLFVEQHKHYLDEIIEQISEFSKRVILADANLDKVLSAYNKHRDKPIREQAENIIHLFTLTNLGAPAAFKYFDTTIDRKRYTSTKEVLDATLIHQSITGLYETRIDLSQLGGD,,ext_neg,0.61,0.4078916727289832,0.3956111507380763,0.6377069107133213,0.47511024374178795
0.88,MSEKKQPVDLGLLEEDDEFEEFPAEDWAGLDEDEDAHVWEDNWDDDNVEDDFSNQLRAELEKHGYKMETS,,ext_neg,0.49,0.7227397515617975,0.12042399647381127,0.2611808368359066,0.17711029895954886
0.12,MYNPRCKDLDRDYFPSYHTTRFQDQPEPNLAVLEHFVRVTKQHGRELTEKQGITVDHLRYGEGRQLVDVFYSEKTTNQAPLFVFVHGGYWQEMDMSMSCSIVGPLVRRGYRVAVMDYNLCPQVTLEQLMTQFTHFLNWIFDYTEMTKVSSLTFAGHSAGAHLLAQILMRPNVITAQRSKMVWALIFLCGVYDLRELSNLESVNPKNILGLNERNIESVSPMLWEYTDVTVWNSTKIYVVAAEHDSTTFIEQSRHYADVLRKKGYKASFTLFKGYDHFDIIEETAIDDSDVSRFLRNIEIE,,ext_neg,0.62,0.1238431802862482,0.05288845638767856,0.5073266289369747,0.10923853271125604
0.04,MASGVAVSDGVIKVFNDMKVRKSSTPEEVKKRKKAVLFCLSEDKKNIILEEGKEILVGDVGQTVDDPYATFVKMLPDKDCRYALYDATYETKESKKEDLVFIFWAPESAPLKSKMIYASSKDAIKKKLTGIKHELQANCYEEVKDRCTLAEKLGGSAVISLEGKPL,,ext_neg,0.23,0.06136400874374436,0.08442542446990796,0.3169212288382715,0.1830568312424872
0.04,VHWSAEEKQLITGLWGKVNVADCGAEALARLLIVYPWTQRFFSSFGNLSSPTAILGNPMVRAHGKKVLTSFGDAVKNLDNIKNTFAQLSELHCDKLHVDPENFRLLGDILIIVLAAHFAKEFTPDCQAAWQKLVRVVAHALARKYH,,ext_neg,0.27,0.05678714891950279,0.05937063060042873,0.3177274333732081,0.06186073019139227
0.03,MTVKKLYFIPAGRCMLDHSSVNSALTPGKLLNLPVWCYLLETEEGPILVDTGMPESAVNNEGLFNGTFVEGQILPKMTEEDRIVNILKRVGYEPDDLLYIISSHLHFDHAGGNGAFTNTPIIVQRTEYEAALHREEYMKECILPHLNYKIIEGDYEVVPGVQLLYTPGHSPGHQSLFIETEQSGSVLLTIDASYTKENFEDEVPFAGFDPELALSSIKRLKEVVKKEKPIIFFGHDIEQEKSCRVFPEYI,,ext_neg,0.36,0.06038899184766601,0.0716801993129782,0.4824495474819018,0.14916385286472109
0.04,MTTSPDPYAALPKLPSFSLTSTSITDGQPLATPQVSGIMGAGGADASPQLRWSGFPSETRSFAVTVYDPDAPTLSGFWHWAVANLPANVTELPEGVGDGRELPGGALTLVNDAGMRRYVGAAPPPGHGVHRYYVAVHAVKVEKLDLPEDASPAYLGFNLFQHAIARAVIFGTYEQR,,ext_neg,0.5,0.05432836579813918,0.40272815181815996,0.4278678019500472,0.3554941914475765
0.2,MDGVHDLAGVQGFGKVPHTVNADIGPTFHAEWEHLPYSLMFAGVAELGAFSVDEVRYVVERMEPRHYMMTPYYERYVIGVATLMVEKGILTQDELESLAGGPFPLSRPSESEGRPAPVETTTFEVGQRVRVRDEYVPGHIRMPAYCRGRVGTISHRTTEKWPFPDAIGHGRNDAGEEPTYHVKFAAEELFGSDTDGGSVVVDLFEGYLEPAA,,ext_neg,0.54,0.4271435440489333,0.05941586359792121,0.4529145413412652,0.1339170868740207
0.03,MLPGTFFEVLKNEGVVAIATQGEDGPHLVNTWNSYLKVLDGNRIVVPVGGMHKTEANVARDERVLMTLGSRKVAGRNGPGTGFLIRGSAAFRTDGPEFEAIARFKWARAALVITVVSAEQTL,,ext_neg,0.32,0.047562094386846165,0.06390710874694358,0.34725851346630177,0.10357066908935013
0.08,MIVKKKLAAGEFAETFKNGNNITIIKAVGELVLRAYGADGGEGLRTIVRQGVSIKGMNYTSVMLHTEYAQEIEYWVGDLDYSFQEQTTKSRDVNSFQIPLRDGVRELLPEDASRNRASIKSPVDIWIGGENMTALNGIVDGGRKFEAGQEFQINTFGSVNYWVSDEEIRVFKEYSARAKYAQNEGRTALEANNVPFFDIDVPPELDGVPFSLKARVRHKSKGVDGLGDYTSISVKPAFYITEGDETTDTLIKYTSYGSTGSHSGYDFDDNTLDVMVTLSAGVHRVFPVETELDYDAVQEVQHDWYDESFTTFIEVYSDDPLLTVKGYAQILMERT,,ext_neg,0.41,0.121784063873511,0.06385505658363262,0.4420465747383044,0.12466538078395252
0.0,MLASEVIQAYEAFCPQEFSMEGDSRGLQIGTLDKGIQRVMVALDIREETVAEAIEKGVDLIIVKHAPIFRPIKDLLASRPQNQIYIDLIKHDIAVYVSHTNIDIVENGLNDWFCQMLGIEETTYLQETGPERGIGRIGNIQPQTFWELAQQVKQVFDLDSLRMVHYQEDDLQKPISRVAICGGSGQSFYKDALAKGADVYITGDIYYHTAQDMLSDGLLALDPGHYIEVIFVEKIAALLSQWKEDKGWSIDILPSQASTNPFHHI,,ext_neg,0.3,0.08011717661907625,0.2207602099924124,0.4281005789689932,0.21861729662580653
0.28,MSQTNANDLRNNEVFFISPSNNTNKVLDKISQSEVKLWNKLSGANQKWRLIYDTNKQAYKIKVMDNTSLILTWNAPLSSVSVKTDTNGDNQYWYLLQNYISRNVIIRNYMNPNLVLQYNIDDTLMVSTQTSSSNQFFKFSNCIYEALNNRNCKLQTQLNSDRFLSKNLNSQIIVLWQWFDSSRQKWIIEYNETKSAYTLKCQENNRYLTWIQNSNNYVETYQSTDSLIQYWNINYLDNDASKYILYNLQDTNRVLDVYNSQIANGTHVIVDSYHGNTNQQWIINLI,,ext_neg,0.53,0.19407076945282306,0.4795139155876721,0.5544504615117968,0.4154753451764788
0.0,MKFLTTNFLKCSVKACDTSNDNFPLQYDGSKCQLVQDESIEFNPEFLLNIVDRVDWPAVLTVAAELGNNALPPTKPSFPSSIQELTDDDMAILNDLHTLLLQTSIAEGEMKCRNCGHIYYIKNGIPNLLLPPHLV,,ext_neg,0.34,0.055227591198237086,0.16237955035284324,0.4604038484529101,0.1993525200763789
0.2,MSLLERLNQDMKLYMKNREKDKLTVVRMVKASLQNEAIKLKKDSLTEDEELTVLSRELKQRKDSLQEFSNANRLDLVDKVQKELDILEVYLPEQLSEEELRTIVNETIAEVGASSKADMGKVMGAIMPKVKGKADGSLINKLVSSQLS,,ext_neg,0.39,0.19945959517443507,0.1936224330115365,0.2458726295544613,0.2788351497091083
0.09,MSKINDINDLVNATFQVKKFFRDTKKKFNLNYEEIYILNHILRSESNEISSKEIAKCSEFKPYYLTKALQKLKDLKLLSKKRSLQDERTVIVYVTDTQKANIQKLISELEEYIKN,,ext_neg,0.47,0.14632829761745886,0.11106205708013134,0.4537991392148918,0.13810333647279274
0.05,MKVGIDAGGTLIKIVQEQDNQRTFKTELTKNIDQVVEWLNQQQIEKLCLTGGNAGVIAENINIPAQIFVEFDAASQGLGILLKEQGHDLADYIFANVGTGTSLHYFDGQSQRRVGGIGTGGGMIQGLGYLLSQITDYKQLTDMAQHGDRNTIDLKVRHIYKDTEPPIPGDLTAANFGHVLHHLDADFTPSNKLAAVIGVVGEVVTTMAITVAREFKTENIVYIGSSFHNNALLRKVVEDYTVLRGCKPYYVENGAFSGAIGALYLEK,,ext_neg,0.45,0.08164943471655298,0.05804925367934679,0.5361288532832172,0.1155049987379665
0.42,MNDHEVDVLVVGAGLGGLSTAMFLARQGVRVLVVERRPGLSPYPRAAGQNPRTMELLRIGGVADEVVRADDIRGTQGDFVIRLAESVRGEILRTVSESFDDMVAATEPCTPAGWAMLSQDKLEPILLAQARKHGGAIRFGTRLLSFRQHDDDAGAGVTARLAGPDGEYDLRAGYLVGADGNRSLVRESLGIGRYGHGTLTHMVGVIFDADLSGIMEPGTTGWYYLHHPEFKGTFGPTDRPDRHTLFVEYDPDEGERPEDFTPQRCVELIGLALDAPEVKPELVDIQGWEMAARIAERWREGRVFLAGDAAKVTPPTGGMSGNAAVADGFDLAWKLAAVLQGQAGAGLLDTYEDERKVAAELVVAEALAIYAQRMAPHMAEVWDKSVGYPETLLGFRYRSSAVLATDDDPARVENPLTPSGRPGFRGPHVLVSRHGERLSTVDLFGDGWTLLAGELGADWVAAAEAVSAELGVPVRAYRVGAGLTDPESAVSERYGIGKAGASLVRPDGIVAWRTDEAAADAAQTLEGVLRRVLDR,,ext_neg,0.39,0.4725390272984941,0.4101273080945448,0.6695329536341129,0.3885735248767063
0.0,MILLVSPIDVEEAKEAIAGGADIIDVKNPKEGSLGANFPWMIKAIREVTPKDLLVSATVGDVPYKPGTISLAAVGAAISGADYIKVGLYGVKNYYQAVELMKNVVRAVKDIDENKIVVAAGYADAYRVGAVEPLIVPKIARDAGCDVAMLDTAIKDGKTLFDFQSKEILAEFVDEAHSYGLKCALAGSIKKEHIPILKEIGTDIVGVRGAACKGGDRNNGRIDRELVKELKELCK,,ext_neg,0.19,0.07889923045339399,0.07574683738798663,0.4193968642662682,0.1144304007416556
0.14,MRSQIQSFLKTFEVRYPIIQAPMAGASTLELAATVTRLGGIGSIPMGSLSEKCDAIETQLENFDELVGDSGRIVNLNFFAHKEPRSGRADVNEEWLKKYDKIYGKAGIEFDKKELKLLYPSFRSIVDPQHPTVRLLKNLKPKIVSFHFGLPHEAVIESLQASDIKIFVTVTNLQEFQQAYESKLDGVVLQGWEAGGHRGNFKANDVEDGQLKTLDLVSTIVDYIDSASISNPPFIIAAGGIHDDESIKELLQFNIAAVQLGTVWLPSSQATISPEHLKMFQSPKSDTMMTAAISGRNLRTISTPFLRDLHQSSPLASIPDYPLPYDSFKSLANDAKQSGKGPQYSAFLAGSNYHKSWKDTRSTEEIFSILVQDL,,ext_neg,0.43,0.08339018102469592,0.3850513346261069,0.45257683435299895,0.4039265388212573
0.07,MDVTAKYELIGLMAYPIRHSLSPEMQNKALEKAGLPFTYMAFEVDNDSFPGAIEGLKALKMRGTGVSMPNKQLACEYVDELTPAAKLVGAINTIVNDDGYLRGYNTDGTGHIRAIKESGFDIKGKTMVLLGAGGASTAIGAQGAIEGLKEIKLFNRRDEFFDKALAFAQRVNENTDCVVTVTDLADQQAFAEALASADILTNGTKVGMKPLENESLVNDISLLHPGLLVTECVYNPHMTKLLQQAQQAGCKTIDGYGMLLWQGAEQFTLWTGKDFPLEYVKQVMGFGA,,ext_neg,0.34,0.056685924531570425,0.06500536603432923,0.4484586984343091,0.13217888619716078
0.07,MKRKTKIVCTIGPASESVDKLVQLMEAGMNVARLNFSHGDHEEHGRRIANIREAAKRTGRTVAILLDTKGPEIRTHNMENGAIELKEGSKLVISMSEVLGTPEKISVTYPSLIDDVSVGAKILLDDGLISLEVNAVDKQAGEIVTTVLNGGVLKNKKGVNVPGVKVNLPGITEKDRADILFGIRQGIDFIAASFVRRASDVLEIRELLEAHDALHIQIIAKIENEEGVANIDEILEAADGLMVARGDLGVEIPAEEVPLIQKLLIKKCNMLGKPVITATQMLDSMQRNPRPTRAEASDVANAIFDGTDAVMLSGETAAGQYPVEAVKTMHQIALRTEQALEHRDILSQRTKESQTTITDAIGQSVAHTALNLDVAAIVTPTVSGKTPQMVAKYRPKAPIIAVTSNEAVSRRLALVWGVYTKEAPHVNTTDEMLDVAVDAAVRSGLVKHGDLVVITAGVPVGETGSTNLMKVHVISDLLAKGQGIGRKSAFGKAVVAKTAEEARQKMVDGGILVTVSTDADMMPAIEKAAAIITEEGGLTSHAAVVGLSLGIPVIVGVENATTLFKDGQEITVDGGFGAVYRGHASVL,,ext_neg,0.39,0.1114250811940784,0.2422683212872977,0.5059495993479929,0.3027002602556143
0.04,MKNELICYKQMPVWTKDNLPQMFQEKHNTKVGTWGKLTVLKGKLKFYELTENGDVIAEHIFTPESHIPFVEPQAWHRVEALSDDLECTLGFYCKKEDYFSKKYNTTAIHGDVVDAAKIISPCKVLDLGCGQGRNSLYLSLLGYDVTSWDHNENSIAFLNETKEKENLNISTALYDINAANIQENYDFIVSTVVFMFLNRERVPSIIKNMKEHTNVGGYNLIVAAMSTDDVPCPLPFSFTFAENELKEYYKDWEFLEYNENMGELHKTDENGNRIKMKFATMLARKK,,ext_neg,0.52,0.08510531100021483,0.13111812072658924,0.5030979477502721,0.1853748690479008
0.57,MTMTLAKRFTAEVVGTFILVFFGPGAAVITLMIANGADKPNEFNIGIGALGGLGDWFAIGMAFALAIAAVIYSLGRISGAHINPAVTIALWSIGRFPGREVVPYIVAQFIGAALGSLLFLACVGPAAATVGGLGATAPFPGIGYGQAILTEAIGTFLLMLVIMGVAVDERAPPGFAGLVIGLTVGGIITTIGNITGSSLNPARTFGPYLGDSLMGINLWQYFPIYVIGPIVGAVAAAWLYNYLAKE,,ext_neg,0.86,0.6795803381001205,0.6079467565701617,0.8118612220453438,0.5882284222830795
0.01,QADGAKIYAQCAGCHQQNGQGIPGAFPPLAGHVAEILAKEGGREYLILVLLYGLQGQIEVKGMKYNGVMSSFAQLKDEEIAAVLNHIATAWGDAKKVKGFKPFTAEEVKKLRAKKLTPQQVLAERKKLGLK,,ext_neg,0.3,0.06602160236085561,0.03391674570967402,0.35935219931146123,0.07619546606858718
0.38,GTTPNSEGWHDGYYYSWWSDGGGDSTYTNNSGGTYEITWGNGGNLVGGKGWNPGLNARAIHFTGVYQPNGTSYLSVYGWTRNPLVEYYIVENFGSSNPSSGSTDLGTVSCDGSTYTLGQSTRYNAPSIDGTQTFNQYWSVRQDKRSSGTVQTGCHFDAWASAGLNVTGDHYYQIVATEGYFSSGYARITVADVG,,ext_neg,0.66,0.397414993900765,0.6151298742324804,0.5865750501712402,0.5059025664055452
0.04,MKVTFEQLKAAFNRVLISRGVDSETADACAEMFARTTESGVYSHGVNRFPRFIQQLENGDIIPDAQPKRITSLGAIEQWDAQRSIGNLTAKKMMDRAIELAADHGIGLVALRNANHWMRGGSYGWQAAEKGYIGICWTNSIAVMPPWGAKECRIGTNPLIVAIPSTPITMVDMSMSMFSYGMLEVNRLAGRQLPVDGGFDDEGNLTKEPGVIEKNRRILPMGYWKGSGMSIVLDMIATLLSDGASVAEVTQDNSDEYGISQIFIAIEVDKLIDGPTRDAKLQRIMDYVTSAERADENQAIRLPGHEFTTLLAENRRNGITVDDSVWAKIQAL,,ext_neg,0.28,0.08596682075907745,0.06924406249334852,0.4921780945435841,0.2052287003605656
0.09,MKMKKYTKTHEWVSIEDKVATVGITNHAQEQLGDVVYVDLPEVGREVKKGEVVASIESVKAAADVYAPLSGKIVEVNEKLDTEPELINKDPEGEGWLFKMEISDEGELEDLLDEQAYQEFCAQE,,ext_neg,0.57,0.09885217032606723,0.025555843200895424,0.2796858213611254,0.08740594621271433
0.03,MRIDTVNVLLEALPYIKEFYGKTFVIKFGGSAMKQENAKKAFIQDIILLKYTGIKPIIVHGGGPAISQMMKDLGIEPVFKNGHRVTDEKTMEIVEMVLVGKINKEIVMNLNLHGGRAVGICGKDSKLIVAEKETKHGDIGYVGKVKKVNPEILHALIENDYIPVIAPVGIGEDGHSYNINADTAAAEIAKSLMAEKLILLTDVDGVLKDGKLISTLTPDEAEELIRDGTVTGGMIPKVECAVSAVRGGVGAVHIINGGLEHAILLEIFSRKGIGTMIKELEG,,ext_neg,0.32,0.09288100513382704,0.048763995125768206,0.493710930059454,0.16393962596020153
0.11,METIAKHRHARSSAQKVRLVADLIRGKKVSQALDILTYTNKKAAVLVKKVLESAIANAEHNDGADIDDLKVTKIFVDEGPSMKRIMPRAKGRADRILKRTSHITVVVSDR,,ext_neg,0.34,0.2209066401207248,0.09971101060995646,0.2480736689014561,0.11706157967647715
0.09,MPESWVPAVGLTLVPSLGGFMGAYFVRGEGLRWYASLQKPSWHPPRWTLAPIWGTLYSAMGYGSYIVWKELGGFTEDAMVPLGLYTGQLALNWAWPPIFFGARQMGWALADLLLVSGVATATTLAWHRVSPPAARLLYPYLAWLAFATVLNYYVWRDNSGRRGGSRLPE,,ext_neg,0.5,0.1469822077643469,0.5145292238691256,0.5052164128275808,0.4268738583153063
0.01,MRITQGTFSFLPDLTDEQIKKQIDYMISKKLAIGIEYTNDIHPRNSFWEMWGLPLFEVTDPAPVLFEINACRKAKSNFYIKVVGFSSERGIESTIISFIVNRPKHEPGFNLIRQEDKSRSIKYSIQAYETYKPEDQRY,,ext_neg,0.36,0.07623629056339781,0.07710714183150859,0.4262929944170017,0.0925114428630136
0.14,MIQKVITVNGIEQNLFVDAEALLSDVLRQQLGLTGVKVGCEQGQCGACSVILDGKVVRACVTKMKRVADGAQITTIEGVGQPENLHPLQKAWVLHGGAQCGFCSPGFIVSAKGLLDTNADPSREDVRDWFQKHRNACRCTGYKPLVDAVMDAAAVINGKKPETDLEFKMPADGRIWGSKYPRPTAVAKVTGTLDYGADLGLKMPAGTLHLAMVQAKVSHANIKGIDTSEALTMPGVHSVITHKDVKGKNRITGLITFPTNKGDGWDRPILCDEKVFQYGDCIALVCADSEANARAAAEKVKVDLEELPAYMSGPAAAAEDAIEIHPGTPNVYFEQPIVKGEDTGPIFASADVTVEGDFYVGRQPHMPIEPDVAFAYMGDDGKCYIHSKSIGVHLHLYMIAPGVGLEPDQLVLVANPMGGTFGYKFSPTSEALVAVAAMATGRPVHLRYNYQQQQQYTGKRSPWEMNVKFAAKKDGTLLAMESDWLVDHGPYSEFGDLLTLRGAQFIGAGYNIPNIRGLGRTVATNHVWGSAFRGYGAPQSMFASECLMDMLAEKLGMDPLELRYKNAYRPGDTNPTGQEPEVFSLPDMIDQLRPKYQAALEKAQKESTATHKKGVGISIGVYGSGLDGPDASEAWAELNADGTITVHTAWEDHGQGADIGCVGTAHEALRPMGVAPEKIKFTWPNTATTPNSGPSGGSRQQVMTGNAIRVACENLLKACEKPGGGYYTYDELKAADKPTKITGNWTASGATHCDAVTGLGKPFVVYMYGVFMAEVTVDVATGQTTVDGMTLMADLGSLCNQLATDGQIYGGLAQGIGLALSEDFEDIKKHATLVGAGFPFIKQIPDKLDIVYVNHPRPDGPFGASGVGELPLTSPHAAIINAIKSATGVRIYRLPAYPEKVLEALKA,,ext_neg,0.36,0.4657000490215909,0.3259302610871133,0.6420180562637932,0.4592989567030698
0.18,MEGVYFNIDNGFIEGVVRGYRNGLLSNNQYINLTQCDTLEDLKLQLSSTDYGNFLSSVSSESLTTSLIQEYASSKLYHEFNYIRDQSSGSTRKFMDYITYGYMIDNVALMITGTIHDRDKGEILQRCHPLGWFDTLPTLSVATDLESLYETVLVDTPLAPYFKNCFDTAEELDDMNIEIIRNKLYKAYLEDFYNFVTEEIPEPAKECMQTLLGFEADRRSINIALNSLQSSDIDPDLKSDLLPNIGKLYPLATFHLAQAQDFEGVRAALANVYEYRGFLETGNLEDHFYQLEMELCRDAFTQQFAISTVWAWMKSKEQEVRNITWIAECIAQNQRERINNYISVY,,ext_neg,0.59,0.11828456237238982,0.1308485725033297,0.3983292399049732,0.20390116491832336
0.02,MASLIQVRDLLALRGRMEAAQISQTLNTPQPMINAMLQQLESMGKAVRIQEEPDGCLSGSCKSCPEGKACLREWWALR,,ext_neg,0.24,0.0782945019941056,0.2012872308714312,0.2411480971344477,0.24101251512422284
0.02,MTKKSASSNNKVVATNRKARHNYTILDTYEAGIVLMGTEVKSLREGQASLADAFATVDDGEIWLRNVHIAEYHHGTWTNHAPRRNRKLLLHRKQIDNLIGKIRDGNLTLVPLSIYFTDGKVKVELALARGKQAHDKRQDLARRDAQREVIRELGRRAKGKI,,ext_neg,0.05,0.12283863824887853,0.05983743291759056,0.19931103280587054,0.09045887851922832
0.04,MFVDDVTRAFESGDFARPNLFQVEISYLGQNFTFQCKATALPAGIVEKIPVGFMNRKINVAGDRTFDDWTVTVMNDEAHDARQKFVDWQSIAAGQGNEITGGKPAEYKKSAIVRQYARDAKTVTKEIEIKGLWPTNVGELQLDWDSNNEIQTFEVTLALDYWE,,ext_neg,0.36,0.0733193509745239,0.02391674570967401,0.3011129263468185,0.07411988723338185
0.03,MTINTEVFIRRNKLRRHFESEFRQINNEIREASKAAGVSSFHLKYSQHLLDRAIQREIDETYVFELFHKIKDHVLEVNEFLSMPPRPDIDEDFIDGVEYRPGRLEITDGNLWLGFTVCKPNEKFKDPSLQCRMAIINSRRLPGKASKAVIKTQ,,ext_neg,0.14,0.16033306378631215,0.055826176853787005,0.20053043208613933,0.08873392344127579
0.2,MILHAQAKHGKPGLPWLVFLHGFSGDCHEWQEVGEAFADYSRLYVDLPGHGGSAAISVDGFDDVTDLLRKTLVSYNILDFWLVGYSLGGRVAMMAACQGLAGLCGVIVEGGHPGLQNAEQRAERQRSDRQWVQRFLTEPLTAVFADWYQQPVFASLNDDQRRELVALRSNNNGATLAAMLEATSLAVQPDLRANLSARTFAFYYLCGERDSKFRALAAELAADCHVIPRAGHNAHRENPAGVIASLAQILRF,,ext_neg,0.56,0.06038899184766601,0.17352482822502766,0.5834350647090523,0.16831440278068013
0.07,MDFNLTDIQQDFLKLAHDFGEKKLAPTVTERDHKGIYDKELIDELLSLGITGAYFEEKYGGSGDDGGDVLSYILAVEELAKYDAGVAITLSATVSLCANPIWQFGTEAQKEKFLVPLVEGTKLGAFGLTEPNAGTDASGQQTIATKNDDGTYTLNGSKIFITNGGAADIYIVFAMTDKSKGNHGITAFILEDGTPGFTYGKKEDKMGIHTSQTMELVFQDVKVPAENMLGEEGKGFKIAMMTLDGGRIGVAAQALGIAEAALADAVEYSKQRVQFGKPLCKFQSISFKLADMKMQIEAARNLVYKAACKKQEGKPFTVDAAIAKRVASDVAMRVTTEAVQIFGGYGYSEEYPVARHMRDAKITQIYEGTNEVQLMVTGGALLR,,ext_neg,0.49,0.08466428908730822,0.09335785968138197,0.5295554033727887,0.21215594101974025
0.11,MYKEPFGVKVDFETGIIEGAKKSVRRLSDMEGYFVDERAWKELVEKEDPVVYEVYAVEQEEKEGDLNFATTVLYPGKVGKEFFFTKGHFHAKLDRAEVYVALKGKGGMLLQTPEGDAKWISMEPGTVVYVPPYWAHRTVNIGDEPFIFLAIYPADAGHDYGTIAEKGFSKIVIEENGEVKVVDNPRWKK,,ext_neg,0.66,0.103593791238642,0.06931210445168097,0.2756021907416548,0.10236686733029184
